"Indicador";"Periodo";"Valor";"Categoría 1";"Categoría 1-Valor";"Categoría 2";"Categoría 2-Valor";"Categoría 3";"Categoría 3-Valor"
"Coste de acceso a la vivienda libre en alquiler, según sexo, grupos de edad y TTHH";"2024";"52.4";"Sexo, grupos de edad y territorios históricos";"Total";"";"";"";""
"Coste de acceso a la vivienda libre en alquiler, según sexo, grupos de edad y TTHH";"2024";"54.9";"Sexo, grupos de edad y territorios históricos";"Gipuzkoa";"";"";"";""
"Coste de acceso a la vivienda libre en alquiler, según sexo, grupos de edad y TTHH";"2024";"51.4";"Sexo, grupos de edad y territorios históricos";"Bizkaia";"";"";"";""
"Coste de acceso a la vivienda libre en alquiler, según sexo, grupos de edad y TTHH";"2024";"50.2";"Sexo, grupos de edad y territorios históricos";"Álava";"";"";"";""
"Coste de acceso a la vivienda libre en alquiler, según sexo, grupos de edad y TTHH";"2024";"46.2";"Sexo, grupos de edad y territorios históricos";"30-34 años";"";"";"";""
"Coste de acceso a la vivienda libre en alquiler, según sexo, grupos de edad y TTHH";"2024";"53.5";"Sexo, grupos de edad y territorios históricos";"25-29 años";"";"";"";""
"Coste de acceso a la vivienda libre en alquiler, según sexo, grupos de edad y TTHH";"2024";"69.4";"Sexo, grupos de edad y territorios históricos";"18-24 años";"";"";"";""
"Coste de acceso a la vivienda libre en alquiler, según sexo, grupos de edad y TTHH";"2024";"57";"Sexo, grupos de edad y territorios históricos";"Mujeres";"";"";"";""
"Coste de acceso a la vivienda libre en alquiler, según sexo, grupos de edad y TTHH";"2024";"50.7";"Sexo, grupos de edad y territorios históricos";"Hombres";"";"";"";""
"Coste de acceso a la vivienda libre en alquiler, según sexo, grupos de edad y TTHH";"2023";"50.6";"Sexo, grupos de edad y territorios históricos";"Total";"";"";"";""
"Coste de acceso a la vivienda libre en alquiler, según sexo, grupos de edad y TTHH";"2023";"53.1";"Sexo, grupos de edad y territorios históricos";"Gipuzkoa";"";"";"";""
"Coste de acceso a la vivienda libre en alquiler, según sexo, grupos de edad y TTHH";"2023";"49.4";"Sexo, grupos de edad y territorios históricos";"Bizkaia";"";"";"";""
"Coste de acceso a la vivienda libre en alquiler, según sexo, grupos de edad y TTHH";"2023";"49.4";"Sexo, grupos de edad y territorios históricos";"Álava";"";"";"";""
"Coste de acceso a la vivienda libre en alquiler, según sexo, grupos de edad y TTHH";"2023";"44.2";"Sexo, grupos de edad y territorios históricos";"30-34 años";"";"";"";""
"Coste de acceso a la vivienda libre en alquiler, según sexo, grupos de edad y TTHH";"2023";"51.6";"Sexo, grupos de edad y territorios históricos";"25-29 años";"";"";"";""
"Coste de acceso a la vivienda libre en alquiler, según sexo, grupos de edad y TTHH";"2023";"67.6";"Sexo, grupos de edad y territorios históricos";"18-24 años";"";"";"";""
"Coste de acceso a la vivienda libre en alquiler, según sexo, grupos de edad y TTHH";"2023";"55.1";"Sexo, grupos de edad y territorios históricos";"Mujeres";"";"";"";""
"Coste de acceso a la vivienda libre en alquiler, según sexo, grupos de edad y TTHH";"2023";"48.9";"Sexo, grupos de edad y territorios históricos";"Hombres";"";"";"";""
"Coste de acceso a la vivienda libre en alquiler, según sexo, grupos de edad y TTHH";"2022";"50.4";"Sexo, grupos de edad y territorios históricos";"Total";"";"";"";""
"Coste de acceso a la vivienda libre en alquiler, según sexo, grupos de edad y TTHH";"2022";"52.5";"Sexo, grupos de edad y territorios históricos";"Gipuzkoa";"";"";"";""
"Coste de acceso a la vivienda libre en alquiler, según sexo, grupos de edad y TTHH";"2022";"49.2";"Sexo, grupos de edad y territorios históricos";"Bizkaia";"";"";"";""
"Coste de acceso a la vivienda libre en alquiler, según sexo, grupos de edad y TTHH";"2022";"48.8";"Sexo, grupos de edad y territorios históricos";"Álava";"";"";"";""
"Coste de acceso a la vivienda libre en alquiler, según sexo, grupos de edad y TTHH";"2022";"44.9";"Sexo, grupos de edad y territorios históricos";"30-34 años";"";"";"";""
"Coste de acceso a la vivienda libre en alquiler, según sexo, grupos de edad y TTHH";"2022";"51.3";"Sexo, grupos de edad y territorios históricos";"25-29 años";"";"";"";""
"Coste de acceso a la vivienda libre en alquiler, según sexo, grupos de edad y TTHH";"2022";"67.2";"Sexo, grupos de edad y territorios históricos";"18-24 años";"";"";"";""
"Coste de acceso a la vivienda libre en alquiler, según sexo, grupos de edad y TTHH";"2022";"54.4";"Sexo, grupos de edad y territorios históricos";"Mujeres";"";"";"";""
"Coste de acceso a la vivienda libre en alquiler, según sexo, grupos de edad y TTHH";"2022";"49.2";"Sexo, grupos de edad y territorios históricos";"Hombres";"";"";"";""
"Coste de acceso a la vivienda libre en alquiler, según sexo, grupos de edad y TTHH";"2021";"51.1";"Sexo, grupos de edad y territorios históricos";"Total";"";"";"";""
"Coste de acceso a la vivienda libre en alquiler, según sexo, grupos de edad y TTHH";"2021";"53.4";"Sexo, grupos de edad y territorios históricos";"Gipuzkoa";"";"";"";""
"Coste de acceso a la vivienda libre en alquiler, según sexo, grupos de edad y TTHH";"2021";"50";"Sexo, grupos de edad y territorios históricos";"Bizkaia";"";"";"";""
"Coste de acceso a la vivienda libre en alquiler, según sexo, grupos de edad y TTHH";"2021";"48.7";"Sexo, grupos de edad y territorios históricos";"Álava";"";"";"";""
"Coste de acceso a la vivienda libre en alquiler, según sexo, grupos de edad y TTHH";"2021";"47";"Sexo, grupos de edad y territorios históricos";"30-34 años";"";"";"";""
"Coste de acceso a la vivienda libre en alquiler, según sexo, grupos de edad y TTHH";"2021";"52.8";"Sexo, grupos de edad y territorios históricos";"25-29 años";"";"";"";""
"Coste de acceso a la vivienda libre en alquiler, según sexo, grupos de edad y TTHH";"2021";"73.6";"Sexo, grupos de edad y territorios históricos";"18-24 años";"";"";"";""
"Coste de acceso a la vivienda libre en alquiler, según sexo, grupos de edad y TTHH";"2021";"55.7";"Sexo, grupos de edad y territorios históricos";"Mujeres";"";"";"";""
"Coste de acceso a la vivienda libre en alquiler, según sexo, grupos de edad y TTHH";"2021";"49.7";"Sexo, grupos de edad y territorios históricos";"Hombres";"";"";"";""
"Coste de acceso a la vivienda libre en alquiler, según sexo, grupos de edad y TTHH";"2020";"52.7";"Sexo, grupos de edad y territorios históricos";"Total";"";"";"";""
"Coste de acceso a la vivienda libre en alquiler, según sexo, grupos de edad y TTHH";"2020";"54.3";"Sexo, grupos de edad y territorios históricos";"Gipuzkoa";"";"";"";""
"Coste de acceso a la vivienda libre en alquiler, según sexo, grupos de edad y TTHH";"2020";"52.2";"Sexo, grupos de edad y territorios históricos";"Bizkaia";"";"";"";""
"Coste de acceso a la vivienda libre en alquiler, según sexo, grupos de edad y TTHH";"2020";"49.6";"Sexo, grupos de edad y territorios históricos";"Álava";"";"";"";""
"Coste de acceso a la vivienda libre en alquiler, según sexo, grupos de edad y TTHH";"2020";"48.7";"Sexo, grupos de edad y territorios históricos";"30-34 años";"";"";"";""
"Coste de acceso a la vivienda libre en alquiler, según sexo, grupos de edad y TTHH";"2020";"54.7";"Sexo, grupos de edad y territorios históricos";"25-29 años";"";"";"";""
"Coste de acceso a la vivienda libre en alquiler, según sexo, grupos de edad y TTHH";"2020";"73.1";"Sexo, grupos de edad y territorios históricos";"18-24 años";"";"";"";""
"Coste de acceso a la vivienda libre en alquiler, según sexo, grupos de edad y TTHH";"2020";"55.4";"Sexo, grupos de edad y territorios históricos";"Mujeres";"";"";"";""
"Coste de acceso a la vivienda libre en alquiler, según sexo, grupos de edad y TTHH";"2020";"49.5";"Sexo, grupos de edad y territorios históricos";"Hombres";"";"";"";""
"Coste de acceso a la vivienda libre en alquiler, según sexo, grupos de edad y TTHH";"2019";"51.6";"Sexo, grupos de edad y territorios históricos";"Total";"";"";"";""
"Coste de acceso a la vivienda libre en alquiler, según sexo, grupos de edad y TTHH";"2019";"53";"Sexo, grupos de edad y territorios históricos";"Gipuzkoa";"";"";"";""
"Coste de acceso a la vivienda libre en alquiler, según sexo, grupos de edad y TTHH";"2019";"51.3";"Sexo, grupos de edad y territorios históricos";"Bizkaia";"";"";"";""
"Coste de acceso a la vivienda libre en alquiler, según sexo, grupos de edad y TTHH";"2019";"48.5";"Sexo, grupos de edad y territorios históricos";"Álava";"";"";"";""
"Coste de acceso a la vivienda libre en alquiler, según sexo, grupos de edad y TTHH";"2019";"47";"Sexo, grupos de edad y territorios históricos";"30-34 años";"";"";"";""
"Coste de acceso a la vivienda libre en alquiler, según sexo, grupos de edad y TTHH";"2019";"53.5";"Sexo, grupos de edad y territorios históricos";"25-29 años";"";"";"";""
"Coste de acceso a la vivienda libre en alquiler, según sexo, grupos de edad y TTHH";"2019";"71.6";"Sexo, grupos de edad y territorios históricos";"18-24 años";"";"";"";""
"Coste de acceso a la vivienda libre en alquiler, según sexo, grupos de edad y TTHH";"2019";"56.9";"Sexo, grupos de edad y territorios históricos";"Mujeres";"";"";"";""
"Coste de acceso a la vivienda libre en alquiler, según sexo, grupos de edad y TTHH";"2019";"49.5";"Sexo, grupos de edad y territorios históricos";"Hombres";"";"";"";""
"Coste de acceso a la vivienda libre en alquiler, según sexo, grupos de edad y TTHH";"2018";"50";"Sexo, grupos de edad y territorios históricos";"Total";"";"";"";""
"Coste de acceso a la vivienda libre en alquiler, según sexo, grupos de edad y TTHH";"2018";"51.3";"Sexo, grupos de edad y territorios históricos";"Gipuzkoa";"";"";"";""
"Coste de acceso a la vivienda libre en alquiler, según sexo, grupos de edad y TTHH";"2018";"50";"Sexo, grupos de edad y territorios históricos";"Bizkaia";"";"";"";""
"Coste de acceso a la vivienda libre en alquiler, según sexo, grupos de edad y TTHH";"2018";"46.2";"Sexo, grupos de edad y territorios históricos";"Álava";"";"";"";""
"Coste de acceso a la vivienda libre en alquiler, según sexo, grupos de edad y TTHH";"2018";"46.6";"Sexo, grupos de edad y territorios históricos";"30-34 años";"";"";"";""
"Coste de acceso a la vivienda libre en alquiler, según sexo, grupos de edad y TTHH";"2018";"53.3";"Sexo, grupos de edad y territorios históricos";"25-29 años";"";"";"";""
"Coste de acceso a la vivienda libre en alquiler, según sexo, grupos de edad y TTHH";"2018";"72.5";"Sexo, grupos de edad y territorios históricos";"18-24 años";"";"";"";""
"Coste de acceso a la vivienda libre en alquiler, según sexo, grupos de edad y TTHH";"2018";"55.4";"Sexo, grupos de edad y territorios históricos";"Mujeres";"";"";"";""
"Coste de acceso a la vivienda libre en alquiler, según sexo, grupos de edad y TTHH";"2018";"47";"Sexo, grupos de edad y territorios históricos";"Hombres";"";"";"";""
"Coste de acceso a la vivienda libre en alquiler, según sexo, grupos de edad y TTHH";"2017";"49.1";"Sexo, grupos de edad y territorios históricos";"Total";"";"";"";""
"Coste de acceso a la vivienda libre en alquiler, según sexo, grupos de edad y TTHH";"2017";"51";"Sexo, grupos de edad y territorios históricos";"Gipuzkoa";"";"";"";""
"Coste de acceso a la vivienda libre en alquiler, según sexo, grupos de edad y TTHH";"2017";"49.6";"Sexo, grupos de edad y territorios históricos";"Bizkaia";"";"";"";""
"Coste de acceso a la vivienda libre en alquiler, según sexo, grupos de edad y TTHH";"2017";"42.9";"Sexo, grupos de edad y territorios históricos";"Álava";"";"";"";""
"Coste de acceso a la vivienda libre en alquiler, según sexo, grupos de edad y TTHH";"2017";"45.8";"Sexo, grupos de edad y territorios históricos";"30-34 años";"";"";"";""
"Coste de acceso a la vivienda libre en alquiler, según sexo, grupos de edad y TTHH";"2017";"53.9";"Sexo, grupos de edad y territorios históricos";"25-29 años";"";"";"";""
"Coste de acceso a la vivienda libre en alquiler, según sexo, grupos de edad y TTHH";"2017";"71.6";"Sexo, grupos de edad y territorios históricos";"18-24 años";"";"";"";""
"Coste de acceso a la vivienda libre en alquiler, según sexo, grupos de edad y TTHH";"2017";"53.9";"Sexo, grupos de edad y territorios históricos";"Mujeres";"";"";"";""
"Coste de acceso a la vivienda libre en alquiler, según sexo, grupos de edad y TTHH";"2017";"45.4";"Sexo, grupos de edad y territorios históricos";"Hombres";"";"";"";""
"Coste de acceso a la vivienda libre en alquiler, según sexo, grupos de edad y TTHH";"2016";"46.7";"Sexo, grupos de edad y territorios históricos";"Total";"";"";"";""
"Coste de acceso a la vivienda libre en alquiler, según sexo, grupos de edad y TTHH";"2016";"48.4";"Sexo, grupos de edad y territorios históricos";"Gipuzkoa";"";"";"";""
"Coste de acceso a la vivienda libre en alquiler, según sexo, grupos de edad y TTHH";"2016";"47.4";"Sexo, grupos de edad y territorios históricos";"Bizkaia";"";"";"";""
"Coste de acceso a la vivienda libre en alquiler, según sexo, grupos de edad y TTHH";"2016";"40.4";"Sexo, grupos de edad y territorios históricos";"Álava";"";"";"";""
"Coste de acceso a la vivienda libre en alquiler, según sexo, grupos de edad y TTHH";"2016";"43.6";"Sexo, grupos de edad y territorios históricos";"30-34 años";"";"";"";""
"Coste de acceso a la vivienda libre en alquiler, según sexo, grupos de edad y TTHH";"2016";"51.4";"Sexo, grupos de edad y territorios históricos";"25-29 años";"";"";"";""
"Coste de acceso a la vivienda libre en alquiler, según sexo, grupos de edad y TTHH";"2016";"69.2";"Sexo, grupos de edad y territorios históricos";"18-24 años";"";"";"";""
"Coste de acceso a la vivienda libre en alquiler, según sexo, grupos de edad y TTHH";"2016";"52";"Sexo, grupos de edad y territorios históricos";"Mujeres";"";"";"";""
"Coste de acceso a la vivienda libre en alquiler, según sexo, grupos de edad y TTHH";"2016";"43.5";"Sexo, grupos de edad y territorios históricos";"Hombres";"";"";"";""
"Coste de acceso a la vivienda libre en propiedad, según sexo, grupos de edad y TTHH";"2024";"64.2";"Sexo, grupos de edad y territorios históricos";"Total";"";"";"";""
"Coste de acceso a la vivienda libre en propiedad, según sexo, grupos de edad y TTHH";"2024";"74.8";"Sexo, grupos de edad y territorios históricos";"Gipuzkoa";"";"";"";""
"Coste de acceso a la vivienda libre en propiedad, según sexo, grupos de edad y TTHH";"2024";"60";"Sexo, grupos de edad y territorios históricos";"Bizkaia";"";"";"";""
"Coste de acceso a la vivienda libre en propiedad, según sexo, grupos de edad y TTHH";"2024";"57.8";"Sexo, grupos de edad y territorios históricos";"Álava";"";"";"";""
"Coste de acceso a la vivienda libre en propiedad, según sexo, grupos de edad y TTHH";"2024";"56.6";"Sexo, grupos de edad y territorios históricos";"30-34 años";"";"";"";""
"Coste de acceso a la vivienda libre en propiedad, según sexo, grupos de edad y TTHH";"2024";"65.6";"Sexo, grupos de edad y territorios históricos";"25-29 años";"";"";"";""
"Coste de acceso a la vivienda libre en propiedad, según sexo, grupos de edad y TTHH";"2024";"85";"Sexo, grupos de edad y territorios históricos";"18-24 años";"";"";"";""
"Coste de acceso a la vivienda libre en propiedad, según sexo, grupos de edad y TTHH";"2024";"69.9";"Sexo, grupos de edad y territorios históricos";"Mujeres";"";"";"";""
"Coste de acceso a la vivienda libre en propiedad, según sexo, grupos de edad y TTHH";"2024";"62.1";"Sexo, grupos de edad y territorios históricos";"Hombres";"";"";"";""
"Coste de acceso a la vivienda libre en propiedad, según sexo, grupos de edad y TTHH";"2023";"65.4";"Sexo, grupos de edad y territorios históricos";"Total";"";"";"";""
"Coste de acceso a la vivienda libre en propiedad, según sexo, grupos de edad y TTHH";"2023";"76";"Sexo, grupos de edad y territorios históricos";"Gipuzkoa";"";"";"";""
"Coste de acceso a la vivienda libre en propiedad, según sexo, grupos de edad y TTHH";"2023";"60.6";"Sexo, grupos de edad y territorios históricos";"Bizkaia";"";"";"";""
"Coste de acceso a la vivienda libre en propiedad, según sexo, grupos de edad y TTHH";"2023";"60.5";"Sexo, grupos de edad y territorios históricos";"Álava";"";"";"";""
"Coste de acceso a la vivienda libre en propiedad, según sexo, grupos de edad y TTHH";"2023";"57.1";"Sexo, grupos de edad y territorios históricos";"30-34 años";"";"";"";""
"Coste de acceso a la vivienda libre en propiedad, según sexo, grupos de edad y TTHH";"2023";"66.8";"Sexo, grupos de edad y territorios históricos";"25-29 años";"";"";"";""
"Coste de acceso a la vivienda libre en propiedad, según sexo, grupos de edad y TTHH";"2023";"87.4";"Sexo, grupos de edad y territorios históricos";"18-24 años";"";"";"";""
"Coste de acceso a la vivienda libre en propiedad, según sexo, grupos de edad y TTHH";"2023";"71.2";"Sexo, grupos de edad y territorios históricos";"Mujeres";"";"";"";""
"Coste de acceso a la vivienda libre en propiedad, según sexo, grupos de edad y TTHH";"2023";"63.3";"Sexo, grupos de edad y territorios históricos";"Hombres";"";"";"";""
"Coste de acceso a la vivienda libre en propiedad, según sexo, grupos de edad y TTHH";"2022";"55.2";"Sexo, grupos de edad y territorios históricos";"Total";"";"";"";""
"Coste de acceso a la vivienda libre en propiedad, según sexo, grupos de edad y TTHH";"2022";"63.2";"Sexo, grupos de edad y territorios históricos";"Gipuzkoa";"";"";"";""
"Coste de acceso a la vivienda libre en propiedad, según sexo, grupos de edad y TTHH";"2022";"52.1";"Sexo, grupos de edad y territorios históricos";"Bizkaia";"";"";"";""
"Coste de acceso a la vivienda libre en propiedad, según sexo, grupos de edad y TTHH";"2022";"48.7";"Sexo, grupos de edad y territorios históricos";"Álava";"";"";"";""
"Coste de acceso a la vivienda libre en propiedad, según sexo, grupos de edad y TTHH";"2022";"49.2";"Sexo, grupos de edad y territorios históricos";"30-34 años";"";"";"";""
"Coste de acceso a la vivienda libre en propiedad, según sexo, grupos de edad y TTHH";"2022";"56.3";"Sexo, grupos de edad y territorios históricos";"25-29 años";"";"";"";""
"Coste de acceso a la vivienda libre en propiedad, según sexo, grupos de edad y TTHH";"2022";"73.7";"Sexo, grupos de edad y territorios históricos";"18-24 años";"";"";"";""
"Coste de acceso a la vivienda libre en propiedad, según sexo, grupos de edad y TTHH";"2022";"59.6";"Sexo, grupos de edad y territorios históricos";"Mujeres";"";"";"";""
"Coste de acceso a la vivienda libre en propiedad, según sexo, grupos de edad y TTHH";"2022";"53.9";"Sexo, grupos de edad y territorios históricos";"Hombres";"";"";"";""
"Coste de acceso a la vivienda libre en propiedad, según sexo, grupos de edad y TTHH";"2021";"53.1";"Sexo, grupos de edad y territorios históricos";"Total";"";"";"";""
"Coste de acceso a la vivienda libre en propiedad, según sexo, grupos de edad y TTHH";"2021";"60.2";"Sexo, grupos de edad y territorios históricos";"Gipuzkoa";"";"";"";""
"Coste de acceso a la vivienda libre en propiedad, según sexo, grupos de edad y TTHH";"2021";"50.3";"Sexo, grupos de edad y territorios históricos";"Bizkaia";"";"";"";""
"Coste de acceso a la vivienda libre en propiedad, según sexo, grupos de edad y TTHH";"2021";"45.9";"Sexo, grupos de edad y territorios históricos";"Álava";"";"";"";""
"Coste de acceso a la vivienda libre en propiedad, según sexo, grupos de edad y TTHH";"2021";"48.8";"Sexo, grupos de edad y territorios históricos";"30-34 años";"";"";"";""
"Coste de acceso a la vivienda libre en propiedad, según sexo, grupos de edad y TTHH";"2021";"54.9";"Sexo, grupos de edad y territorios históricos";"25-29 años";"";"";"";""
"Coste de acceso a la vivienda libre en propiedad, según sexo, grupos de edad y TTHH";"2021";"76.5";"Sexo, grupos de edad y territorios históricos";"18-24 años";"";"";"";""
"Coste de acceso a la vivienda libre en propiedad, según sexo, grupos de edad y TTHH";"2021";"57.9";"Sexo, grupos de edad y territorios históricos";"Mujeres";"";"";"";""
"Coste de acceso a la vivienda libre en propiedad, según sexo, grupos de edad y TTHH";"2021";"51.7";"Sexo, grupos de edad y territorios históricos";"Hombres";"";"";"";""
"Coste de acceso a la vivienda libre en propiedad, según sexo, grupos de edad y TTHH";"2020";"57";"Sexo, grupos de edad y territorios históricos";"Total";"";"";"";""
"Coste de acceso a la vivienda libre en propiedad, según sexo, grupos de edad y TTHH";"2020";"65";"Sexo, grupos de edad y territorios históricos";"Gipuzkoa";"";"";"";""
"Coste de acceso a la vivienda libre en propiedad, según sexo, grupos de edad y TTHH";"2020";"53.8";"Sexo, grupos de edad y territorios históricos";"Bizkaia";"";"";"";""
"Coste de acceso a la vivienda libre en propiedad, según sexo, grupos de edad y TTHH";"2020";"48.5";"Sexo, grupos de edad y territorios históricos";"Álava";"";"";"";""
"Coste de acceso a la vivienda libre en propiedad, según sexo, grupos de edad y TTHH";"2020";"52.7";"Sexo, grupos de edad y territorios históricos";"30-34 años";"";"";"";""
"Coste de acceso a la vivienda libre en propiedad, según sexo, grupos de edad y TTHH";"2020";"59.2";"Sexo, grupos de edad y territorios históricos";"25-29 años";"";"";"";""
"Coste de acceso a la vivienda libre en propiedad, según sexo, grupos de edad y TTHH";"2020";"79.1";"Sexo, grupos de edad y territorios históricos";"18-24 años";"";"";"";""
"Coste de acceso a la vivienda libre en propiedad, según sexo, grupos de edad y TTHH";"2020";"59.9";"Sexo, grupos de edad y territorios históricos";"Mujeres";"";"";"";""
"Coste de acceso a la vivienda libre en propiedad, según sexo, grupos de edad y TTHH";"2020";"53.5";"Sexo, grupos de edad y territorios históricos";"Hombres";"";"";"";""
"Coste de acceso a la vivienda libre en propiedad, según sexo, grupos de edad y TTHH";"2019";"55.8";"Sexo, grupos de edad y territorios históricos";"Total";"";"";"";""
"Coste de acceso a la vivienda libre en propiedad, según sexo, grupos de edad y TTHH";"2019";"62.7";"Sexo, grupos de edad y territorios históricos";"Gipuzkoa";"";"";"";""
"Coste de acceso a la vivienda libre en propiedad, según sexo, grupos de edad y TTHH";"2019";"53.4";"Sexo, grupos de edad y territorios históricos";"Bizkaia";"";"";"";""
"Coste de acceso a la vivienda libre en propiedad, según sexo, grupos de edad y TTHH";"2019";"46.6";"Sexo, grupos de edad y territorios históricos";"Álava";"";"";"";""
"Coste de acceso a la vivienda libre en propiedad, según sexo, grupos de edad y TTHH";"2019";"50.9";"Sexo, grupos de edad y territorios históricos";"30-34 años";"";"";"";""
"Coste de acceso a la vivienda libre en propiedad, según sexo, grupos de edad y TTHH";"2019";"57.9";"Sexo, grupos de edad y territorios históricos";"25-29 años";"";"";"";""
"Coste de acceso a la vivienda libre en propiedad, según sexo, grupos de edad y TTHH";"2019";"77.4";"Sexo, grupos de edad y territorios históricos";"18-24 años";"";"";"";""
"Coste de acceso a la vivienda libre en propiedad, según sexo, grupos de edad y TTHH";"2019";"61.6";"Sexo, grupos de edad y territorios históricos";"Mujeres";"";"";"";""
"Coste de acceso a la vivienda libre en propiedad, según sexo, grupos de edad y TTHH";"2019";"53.5";"Sexo, grupos de edad y territorios históricos";"Hombres";"";"";"";""
"Coste de acceso a la vivienda libre en propiedad, según sexo, grupos de edad y TTHH";"2018";"54.1";"Sexo, grupos de edad y territorios históricos";"Total";"";"";"";""
"Coste de acceso a la vivienda libre en propiedad, según sexo, grupos de edad y TTHH";"2018";"60.4";"Sexo, grupos de edad y territorios históricos";"Gipuzkoa";"";"";"";""
"Coste de acceso a la vivienda libre en propiedad, según sexo, grupos de edad y TTHH";"2018";"52.4";"Sexo, grupos de edad y territorios históricos";"Bizkaia";"";"";"";""
"Coste de acceso a la vivienda libre en propiedad, según sexo, grupos de edad y TTHH";"2018";"44.6";"Sexo, grupos de edad y territorios históricos";"Álava";"";"";"";""
"Coste de acceso a la vivienda libre en propiedad, según sexo, grupos de edad y TTHH";"2018";"50.4";"Sexo, grupos de edad y territorios históricos";"30-34 años";"";"";"";""
"Coste de acceso a la vivienda libre en propiedad, según sexo, grupos de edad y TTHH";"2018";"57.6";"Sexo, grupos de edad y territorios históricos";"25-29 años";"";"";"";""
"Coste de acceso a la vivienda libre en propiedad, según sexo, grupos de edad y TTHH";"2018";"78.5";"Sexo, grupos de edad y territorios históricos";"18-24 años";"";"";"";""
"Coste de acceso a la vivienda libre en propiedad, según sexo, grupos de edad y TTHH";"2018";"60";"Sexo, grupos de edad y territorios históricos";"Mujeres";"";"";"";""
"Coste de acceso a la vivienda libre en propiedad, según sexo, grupos de edad y TTHH";"2018";"50.9";"Sexo, grupos de edad y territorios históricos";"Hombres";"";"";"";""
"Coste de acceso a la vivienda libre en propiedad, según sexo, grupos de edad y TTHH";"2017";"55.1";"Sexo, grupos de edad y territorios históricos";"Total";"";"";"";""
"Coste de acceso a la vivienda libre en propiedad, según sexo, grupos de edad y TTHH";"2017";"64.9";"Sexo, grupos de edad y territorios históricos";"Gipuzkoa";"";"";"";""
"Coste de acceso a la vivienda libre en propiedad, según sexo, grupos de edad y TTHH";"2017";"52.2";"Sexo, grupos de edad y territorios históricos";"Bizkaia";"";"";"";""
"Coste de acceso a la vivienda libre en propiedad, según sexo, grupos de edad y TTHH";"2017";"43.3";"Sexo, grupos de edad y territorios históricos";"Álava";"";"";"";""
"Coste de acceso a la vivienda libre en propiedad, según sexo, grupos de edad y TTHH";"2017";"51.5";"Sexo, grupos de edad y territorios históricos";"30-34 años";"";"";"";""
"Coste de acceso a la vivienda libre en propiedad, según sexo, grupos de edad y TTHH";"2017";"60.5";"Sexo, grupos de edad y territorios históricos";"25-29 años";"";"";"";""
"Coste de acceso a la vivienda libre en propiedad, según sexo, grupos de edad y TTHH";"2017";"80.4";"Sexo, grupos de edad y territorios históricos";"18-24 años";"";"";"";""
"Coste de acceso a la vivienda libre en propiedad, según sexo, grupos de edad y TTHH";"2017";"60.6";"Sexo, grupos de edad y territorios históricos";"Mujeres";"";"";"";""
"Coste de acceso a la vivienda libre en propiedad, según sexo, grupos de edad y TTHH";"2017";"51";"Sexo, grupos de edad y territorios históricos";"Hombres";"";"";"";""
"Coste de acceso a la vivienda libre en propiedad, según sexo, grupos de edad y TTHH";"2016";"53.6";"Sexo, grupos de edad y territorios históricos";"Total";"";"";"";""
"Coste de acceso a la vivienda libre en propiedad, según sexo, grupos de edad y TTHH";"2016";"61";"Sexo, grupos de edad y territorios históricos";"Gipuzkoa";"";"";"";""
"Coste de acceso a la vivienda libre en propiedad, según sexo, grupos de edad y TTHH";"2016";"52.2";"Sexo, grupos de edad y territorios históricos";"Bizkaia";"";"";"";""
"Coste de acceso a la vivienda libre en propiedad, según sexo, grupos de edad y TTHH";"2016";"41";"Sexo, grupos de edad y territorios históricos";"Álava";"";"";"";""
"Coste de acceso a la vivienda libre en propiedad, según sexo, grupos de edad y TTHH";"2016";"50.2";"Sexo, grupos de edad y territorios históricos";"30-34 años";"";"";"";""
"Coste de acceso a la vivienda libre en propiedad, según sexo, grupos de edad y TTHH";"2016";"59.1";"Sexo, grupos de edad y territorios históricos";"25-29 años";"";"";"";""
"Coste de acceso a la vivienda libre en propiedad, según sexo, grupos de edad y TTHH";"2016";"79.5";"Sexo, grupos de edad y territorios históricos";"18-24 años";"";"";"";""
"Coste de acceso a la vivienda libre en propiedad, según sexo, grupos de edad y TTHH";"2016";"59.7";"Sexo, grupos de edad y territorios históricos";"Mujeres";"";"";"";""
"Coste de acceso a la vivienda libre en propiedad, según sexo, grupos de edad y TTHH";"2016";"50";"Sexo, grupos de edad y territorios históricos";"Hombres";"";"";"";""
"Coste de acceso a la vivienda libre en propiedad, según sexo, grupos de edad y TTHH";"2015";"55.1";"Sexo, grupos de edad y territorios históricos";"Total";"";"";"";""
"Coste de acceso a la vivienda libre en propiedad, según sexo, grupos de edad y TTHH";"2015";"57.8";"Sexo, grupos de edad y territorios históricos";"Gipuzkoa";"";"";"";""
"Coste de acceso a la vivienda libre en propiedad, según sexo, grupos de edad y TTHH";"2015";"53.8";"Sexo, grupos de edad y territorios históricos";"Bizkaia";"";"";"";""
"Coste de acceso a la vivienda libre en propiedad, según sexo, grupos de edad y TTHH";"2015";"46.9";"Sexo, grupos de edad y territorios históricos";"Álava";"";"";"";""
"Coste de acceso a la vivienda libre en propiedad, según sexo, grupos de edad y TTHH";"2015";"49.6";"Sexo, grupos de edad y territorios históricos";"30-34 años";"";"";"";""
"Coste de acceso a la vivienda libre en propiedad, según sexo, grupos de edad y TTHH";"2015";"58.5";"Sexo, grupos de edad y territorios históricos";"25-29 años";"";"";"";""
"Coste de acceso a la vivienda libre en propiedad, según sexo, grupos de edad y TTHH";"2015";"78.5";"Sexo, grupos de edad y territorios históricos";"18-24 años";"";"";"";""
"Coste de acceso a la vivienda libre en propiedad, según sexo, grupos de edad y TTHH";"2015";"60.2";"Sexo, grupos de edad y territorios históricos";"Mujeres";"";"";"";""
"Coste de acceso a la vivienda libre en propiedad, según sexo, grupos de edad y TTHH";"2015";"49.6";"Sexo, grupos de edad y territorios históricos";"Hombres";"";"";"";""
"Coste de acceso a la vivienda libre en propiedad, según sexo, grupos de edad y TTHH";"2014";"58.8";"Sexo, grupos de edad y territorios históricos";"Total";"";"";"";""
"Coste de acceso a la vivienda libre en propiedad, según sexo, grupos de edad y TTHH";"2014";"65.7";"Sexo, grupos de edad y territorios históricos";"Gipuzkoa";"";"";"";""
"Coste de acceso a la vivienda libre en propiedad, según sexo, grupos de edad y TTHH";"2014";"56.4";"Sexo, grupos de edad y territorios históricos";"Bizkaia";"";"";"";""
"Coste de acceso a la vivienda libre en propiedad, según sexo, grupos de edad y TTHH";"2014";"50.6";"Sexo, grupos de edad y territorios históricos";"Álava";"";"";"";""
"Coste de acceso a la vivienda libre en propiedad, según sexo, grupos de edad y TTHH";"2014";"52.3";"Sexo, grupos de edad y territorios históricos";"30-34 años";"";"";"";""
"Coste de acceso a la vivienda libre en propiedad, según sexo, grupos de edad y TTHH";"2014";"62.9";"Sexo, grupos de edad y territorios históricos";"25-29 años";"";"";"";""
"Coste de acceso a la vivienda libre en propiedad, según sexo, grupos de edad y TTHH";"2014";"85.9";"Sexo, grupos de edad y territorios históricos";"18-24 años";"";"";"";""
"Coste de acceso a la vivienda libre en propiedad, según sexo, grupos de edad y TTHH";"2014";"63.7";"Sexo, grupos de edad y territorios históricos";"Mujeres";"";"";"";""
"Coste de acceso a la vivienda libre en propiedad, según sexo, grupos de edad y TTHH";"2014";"53.6";"Sexo, grupos de edad y territorios históricos";"Hombres";"";"";"";""
"Coste de acceso a la vivienda libre en propiedad, según sexo, grupos de edad y TTHH";"2013";"64.1";"Sexo, grupos de edad y territorios históricos";"Total";"";"";"";""
"Coste de acceso a la vivienda libre en propiedad, según sexo, grupos de edad y TTHH";"2013";"71.9";"Sexo, grupos de edad y territorios históricos";"Gipuzkoa";"";"";"";""
"Coste de acceso a la vivienda libre en propiedad, según sexo, grupos de edad y TTHH";"2013";"61.2";"Sexo, grupos de edad y territorios históricos";"Bizkaia";"";"";"";""
"Coste de acceso a la vivienda libre en propiedad, según sexo, grupos de edad y TTHH";"2013";"55.2";"Sexo, grupos de edad y territorios históricos";"Álava";"";"";"";""
"Coste de acceso a la vivienda libre en propiedad, según sexo, grupos de edad y TTHH";"2013";"57.8";"Sexo, grupos de edad y territorios históricos";"30-34 años";"";"";"";""
"Coste de acceso a la vivienda libre en propiedad, según sexo, grupos de edad y TTHH";"2013";"70";"Sexo, grupos de edad y territorios históricos";"25-29 años";"";"";"";""
"Coste de acceso a la vivienda libre en propiedad, según sexo, grupos de edad y TTHH";"2013";"97.3";"Sexo, grupos de edad y territorios históricos";"18-24 años";"";"";"";""
"Coste de acceso a la vivienda libre en propiedad, según sexo, grupos de edad y TTHH";"2013";"67.8";"Sexo, grupos de edad y territorios históricos";"Mujeres";"";"";"";""
"Coste de acceso a la vivienda libre en propiedad, según sexo, grupos de edad y TTHH";"2013";"59.6";"Sexo, grupos de edad y territorios históricos";"Hombres";"";"";"";""
"Coste de acceso a la vivienda libre en propiedad, según sexo, grupos de edad y TTHH";"2012";"66.8";"Sexo, grupos de edad y territorios históricos";"Total";"";"";"";""
"Coste de acceso a la vivienda libre en propiedad, según sexo, grupos de edad y TTHH";"2012";"69.3";"Sexo, grupos de edad y territorios históricos";"Gipuzkoa";"";"";"";""
"Coste de acceso a la vivienda libre en propiedad, según sexo, grupos de edad y TTHH";"2012";"65.8";"Sexo, grupos de edad y territorios históricos";"Bizkaia";"";"";"";""
"Coste de acceso a la vivienda libre en propiedad, según sexo, grupos de edad y TTHH";"2012";"61.9";"Sexo, grupos de edad y territorios históricos";"Álava";"";"";"";""
"Coste de acceso a la vivienda libre en propiedad, según sexo, grupos de edad y TTHH";"2012";"59.7";"Sexo, grupos de edad y territorios históricos";"30-34 años";"";"";"";""
"Coste de acceso a la vivienda libre en propiedad, según sexo, grupos de edad y TTHH";"2012";"72.4";"Sexo, grupos de edad y territorios históricos";"25-29 años";"";"";"";""
"Coste de acceso a la vivienda libre en propiedad, según sexo, grupos de edad y TTHH";"2012";"100.6";"Sexo, grupos de edad y territorios históricos";"18-24 años";"";"";"";""
"Coste de acceso a la vivienda libre en propiedad, según sexo, grupos de edad y TTHH";"2012";"74.3";"Sexo, grupos de edad y territorios históricos";"Mujeres";"";"";"";""
"Coste de acceso a la vivienda libre en propiedad, según sexo, grupos de edad y TTHH";"2012";"59.5";"Sexo, grupos de edad y territorios históricos";"Hombres";"";"";"";""
"Coste de acceso a la vivienda libre en propiedad, según sexo, grupos de edad y TTHH";"2011";"70.6";"Sexo, grupos de edad y territorios históricos";"Total";"";"";"";""
"Coste de acceso a la vivienda libre en propiedad, según sexo, grupos de edad y TTHH";"2011";"75.2";"Sexo, grupos de edad y territorios históricos";"Gipuzkoa";"";"";"";""
"Coste de acceso a la vivienda libre en propiedad, según sexo, grupos de edad y TTHH";"2011";"71.4";"Sexo, grupos de edad y territorios históricos";"Bizkaia";"";"";"";""
"Coste de acceso a la vivienda libre en propiedad, según sexo, grupos de edad y TTHH";"2011";"58.6";"Sexo, grupos de edad y territorios históricos";"Álava";"";"";"";""
"Coste de acceso a la vivienda libre en propiedad, según sexo, grupos de edad y TTHH";"2011";"62.9";"Sexo, grupos de edad y territorios históricos";"30-34 años";"";"";"";""
"Coste de acceso a la vivienda libre en propiedad, según sexo, grupos de edad y TTHH";"2011";"75.3";"Sexo, grupos de edad y territorios históricos";"25-29 años";"";"";"";""
"Coste de acceso a la vivienda libre en propiedad, según sexo, grupos de edad y TTHH";"2011";"103.8";"Sexo, grupos de edad y territorios históricos";"18-24 años";"";"";"";""
"Coste de acceso a la vivienda libre en propiedad, según sexo, grupos de edad y TTHH";"2011";"78.5";"Sexo, grupos de edad y territorios históricos";"Mujeres";"";"";"";""
"Coste de acceso a la vivienda libre en propiedad, según sexo, grupos de edad y TTHH";"2011";"63.4";"Sexo, grupos de edad y territorios históricos";"Hombres";"";"";"";""
"Coste de acceso a la vivienda libre en propiedad, según sexo, grupos de edad y TTHH";"2010";"64.4";"Sexo, grupos de edad y territorios históricos";"Total";"";"";"";""
"Coste de acceso a la vivienda libre en propiedad, según sexo, grupos de edad y TTHH";"2010";"72.6";"Sexo, grupos de edad y territorios históricos";"Gipuzkoa";"";"";"";""
"Coste de acceso a la vivienda libre en propiedad, según sexo, grupos de edad y TTHH";"2010";"64.8";"Sexo, grupos de edad y territorios históricos";"Bizkaia";"";"";"";""
"Coste de acceso a la vivienda libre en propiedad, según sexo, grupos de edad y TTHH";"2010";"48.3";"Sexo, grupos de edad y territorios históricos";"Álava";"";"";"";""
"Coste de acceso a la vivienda libre en propiedad, según sexo, grupos de edad y TTHH";"2010";"55.9";"Sexo, grupos de edad y territorios históricos";"30-34 años";"";"";"";""
"Coste de acceso a la vivienda libre en propiedad, según sexo, grupos de edad y TTHH";"2010";"65.3";"Sexo, grupos de edad y territorios históricos";"25-29 años";"";"";"";""
"Coste de acceso a la vivienda libre en propiedad, según sexo, grupos de edad y TTHH";"2010";"84.6";"Sexo, grupos de edad y territorios históricos";"18-24 años";"";"";"";""
"Coste de acceso a la vivienda libre en propiedad, según sexo, grupos de edad y TTHH";"2010";"69.6";"Sexo, grupos de edad y territorios históricos";"Mujeres";"";"";"";""
"Coste de acceso a la vivienda libre en propiedad, según sexo, grupos de edad y TTHH";"2010";"58.6";"Sexo, grupos de edad y territorios históricos";"Hombres";"";"";"";""
"Diferencia entre la edad real y la edad ideal de emancipación, según sexo";"2025";"5.2";"Sexo";"Total";"";"";"";""
"Diferencia entre la edad real y la edad ideal de emancipación, según sexo";"2025";"4.7";"Sexo";"Mujeres";"";"";"";""
"Diferencia entre la edad real y la edad ideal de emancipación, según sexo";"2025";"5.8";"Sexo";"Hombres";"";"";"";""
"Diferencia entre la edad real y la edad ideal de emancipación, según sexo";"2024";"5.2";"Sexo";"Total";"";"";"";""
"Diferencia entre la edad real y la edad ideal de emancipación, según sexo";"2024";"4.7";"Sexo";"Mujeres";"";"";"";""
"Diferencia entre la edad real y la edad ideal de emancipación, según sexo";"2024";"5.7";"Sexo";"Hombres";"";"";"";""
"Diferencia entre la edad real y la edad ideal de emancipación, según sexo";"2022";"5.3";"Sexo";"Total";"";"";"";""
"Diferencia entre la edad real y la edad ideal de emancipación, según sexo";"2022";"4.5";"Sexo";"Mujeres";"";"";"";""
"Diferencia entre la edad real y la edad ideal de emancipación, según sexo";"2022";"6.3";"Sexo";"Hombres";"";"";"";""
"Diferencia entre la edad real y la edad ideal de emancipación, según sexo";"2020";"5.4";"Sexo";"Total";"";"";"";""
"Diferencia entre la edad real y la edad ideal de emancipación, según sexo";"2020";"4.7";"Sexo";"Mujeres";"";"";"";""
"Diferencia entre la edad real y la edad ideal de emancipación, según sexo";"2020";"6.1";"Sexo";"Hombres";"";"";"";""
"Diferencia entre la edad real y la edad ideal de emancipación, según sexo";"2017";"6.5";"Sexo";"Total";"";"";"";""
"Diferencia entre la edad real y la edad ideal de emancipación, según sexo";"2017";"5.9";"Sexo";"Mujeres";"";"";"";""
"Diferencia entre la edad real y la edad ideal de emancipación, según sexo";"2017";"7.1";"Sexo";"Hombres";"";"";"";""
"Diferencia entre la edad real y la edad ideal de emancipación, según sexo";"2015";"6";"Sexo";"Total";"";"";"";""
"Diferencia entre la edad real y la edad ideal de emancipación, según sexo";"2015";"5.3";"Sexo";"Mujeres";"";"";"";""
"Diferencia entre la edad real y la edad ideal de emancipación, según sexo";"2015";"6.8";"Sexo";"Hombres";"";"";"";""
"Diferencia entre la renta de mercado y la renta máxima tolerable de alquiler, según sexo, grupos de edad y TTHH";"2024";"350";"Sexo, grupos de edad y territorios históricos";"Total";"";"";"";""
"Diferencia entre la renta de mercado y la renta máxima tolerable de alquiler, según sexo, grupos de edad y TTHH";"2024";"388";"Sexo, grupos de edad y territorios históricos";"Gipuzkoa";"";"";"";""
"Diferencia entre la renta de mercado y la renta máxima tolerable de alquiler, según sexo, grupos de edad y TTHH";"2024";"339";"Sexo, grupos de edad y territorios históricos";"Bizkaia";"";"";"";""
"Diferencia entre la renta de mercado y la renta máxima tolerable de alquiler, según sexo, grupos de edad y TTHH";"2024";"301";"Sexo, grupos de edad y territorios históricos";"Álava";"";"";"";""
"Diferencia entre la renta de mercado y la renta máxima tolerable de alquiler, según sexo, grupos de edad y TTHH";"2024";"287";"Sexo, grupos de edad y territorios históricos";"30-34 años";"";"";"";""
"Diferencia entre la renta de mercado y la renta máxima tolerable de alquiler, según sexo, grupos de edad y TTHH";"2024";"360";"Sexo, grupos de edad y territorios históricos";"25-29 años";"";"";"";""
"Diferencia entre la renta de mercado y la renta máxima tolerable de alquiler, según sexo, grupos de edad y TTHH";"2024";"465";"Sexo, grupos de edad y territorios históricos";"18-24 años";"";"";"";""
"Diferencia entre la renta de mercado y la renta máxima tolerable de alquiler, según sexo, grupos de edad y TTHH";"2024";"388";"Sexo, grupos de edad y territorios históricos";"Mujeres";"";"";"";""
"Diferencia entre la renta de mercado y la renta máxima tolerable de alquiler, según sexo, grupos de edad y TTHH";"2024";"334";"Sexo, grupos de edad y territorios históricos";"Hombres";"";"";"";""
"Diferencia entre la renta de mercado y la renta máxima tolerable de alquiler, según sexo, grupos de edad y TTHH";"2023";"315";"Sexo, grupos de edad y territorios históricos";"Total";"";"";"";""
"Diferencia entre la renta de mercado y la renta máxima tolerable de alquiler, según sexo, grupos de edad y TTHH";"2023";"352";"Sexo, grupos de edad y territorios históricos";"Gipuzkoa";"";"";"";""
"Diferencia entre la renta de mercado y la renta máxima tolerable de alquiler, según sexo, grupos de edad y TTHH";"2023";"302";"Sexo, grupos de edad y territorios históricos";"Bizkaia";"";"";"";""
"Diferencia entre la renta de mercado y la renta máxima tolerable de alquiler, según sexo, grupos de edad y TTHH";"2023";"282";"Sexo, grupos de edad y territorios históricos";"Álava";"";"";"";""
"Diferencia entre la renta de mercado y la renta máxima tolerable de alquiler, según sexo, grupos de edad y TTHH";"2023";"249";"Sexo, grupos de edad y territorios históricos";"30-34 años";"";"";"";""
"Diferencia entre la renta de mercado y la renta máxima tolerable de alquiler, según sexo, grupos de edad y TTHH";"2023";"324";"Sexo, grupos de edad y territorios históricos";"25-29 años";"";"";"";""
"Diferencia entre la renta de mercado y la renta máxima tolerable de alquiler, según sexo, grupos de edad y TTHH";"2023";"431";"Sexo, grupos de edad y territorios históricos";"18-24 años";"";"";"";""
"Diferencia entre la renta de mercado y la renta máxima tolerable de alquiler, según sexo, grupos de edad y TTHH";"2023";"353";"Sexo, grupos de edad y territorios históricos";"Mujeres";"";"";"";""
"Diferencia entre la renta de mercado y la renta máxima tolerable de alquiler, según sexo, grupos de edad y TTHH";"2023";"300";"Sexo, grupos de edad y territorios históricos";"Hombres";"";"";"";""
"Diferencia entre la renta de mercado y la renta máxima tolerable de alquiler, según sexo, grupos de edad y TTHH";"2022";"297";"Sexo, grupos de edad y territorios históricos";"Total";"";"";"";""
"Diferencia entre la renta de mercado y la renta máxima tolerable de alquiler, según sexo, grupos de edad y TTHH";"2022";"327";"Sexo, grupos de edad y territorios históricos";"Gipuzkoa";"";"";"";""
"Diferencia entre la renta de mercado y la renta máxima tolerable de alquiler, según sexo, grupos de edad y TTHH";"2022";"286";"Sexo, grupos de edad y territorios históricos";"Bizkaia";"";"";"";""
"Diferencia entre la renta de mercado y la renta máxima tolerable de alquiler, según sexo, grupos de edad y TTHH";"2022";"261";"Sexo, grupos de edad y territorios históricos";"Álava";"";"";"";""
"Diferencia entre la renta de mercado y la renta máxima tolerable de alquiler, según sexo, grupos de edad y TTHH";"2022";"244";"Sexo, grupos de edad y territorios históricos";"30-34 años";"";"";"";""
"Diferencia entre la renta de mercado y la renta máxima tolerable de alquiler, según sexo, grupos de edad y TTHH";"2022";"306";"Sexo, grupos de edad y territorios históricos";"25-29 años";"";"";"";""
"Diferencia entre la renta de mercado y la renta máxima tolerable de alquiler, según sexo, grupos de edad y TTHH";"2022";"407";"Sexo, grupos de edad y territorios históricos";"18-24 años";"";"";"";""
"Diferencia entre la renta de mercado y la renta máxima tolerable de alquiler, según sexo, grupos de edad y TTHH";"2022";"330";"Sexo, grupos de edad y territorios históricos";"Mujeres";"";"";"";""
"Diferencia entre la renta de mercado y la renta máxima tolerable de alquiler, según sexo, grupos de edad y TTHH";"2022";"287";"Sexo, grupos de edad y territorios históricos";"Hombres";"";"";"";""
"Diferencia entre la renta de mercado y la renta máxima tolerable de alquiler, según sexo, grupos de edad y TTHH";"2021";"293";"Sexo, grupos de edad y territorios históricos";"Total";"";"";"";""
"Diferencia entre la renta de mercado y la renta máxima tolerable de alquiler, según sexo, grupos de edad y TTHH";"2021";"323";"Sexo, grupos de edad y territorios históricos";"Gipuzkoa";"";"";"";""
"Diferencia entre la renta de mercado y la renta máxima tolerable de alquiler, según sexo, grupos de edad y TTHH";"2021";"283";"Sexo, grupos de edad y territorios históricos";"Bizkaia";"";"";"";""
"Diferencia entre la renta de mercado y la renta máxima tolerable de alquiler, según sexo, grupos de edad y TTHH";"2021";"248";"Sexo, grupos de edad y territorios históricos";"Álava";"";"";"";""
"Diferencia entre la renta de mercado y la renta máxima tolerable de alquiler, según sexo, grupos de edad y TTHH";"2021";"257";"Sexo, grupos de edad y territorios históricos";"30-34 años";"";"";"";""
"Diferencia entre la renta de mercado y la renta máxima tolerable de alquiler, según sexo, grupos de edad y TTHH";"2021";"306";"Sexo, grupos de edad y territorios históricos";"25-29 años";"";"";"";""
"Diferencia entre la renta de mercado y la renta máxima tolerable de alquiler, según sexo, grupos de edad y TTHH";"2021";"420";"Sexo, grupos de edad y territorios históricos";"18-24 años";"";"";"";""
"Diferencia entre la renta de mercado y la renta máxima tolerable de alquiler, según sexo, grupos de edad y TTHH";"2021";"327";"Sexo, grupos de edad y territorios históricos";"Mujeres";"";"";"";""
"Diferencia entre la renta de mercado y la renta máxima tolerable de alquiler, según sexo, grupos de edad y TTHH";"2021";"282";"Sexo, grupos de edad y territorios históricos";"Hombres";"";"";"";""
"Diferencia entre la renta de mercado y la renta máxima tolerable de alquiler, según sexo, grupos de edad y TTHH";"2020";"303";"Sexo, grupos de edad y territorios históricos";"Total";"";"";"";""
"Diferencia entre la renta de mercado y la renta máxima tolerable de alquiler, según sexo, grupos de edad y TTHH";"2020";"327";"Sexo, grupos de edad y territorios históricos";"Gipuzkoa";"";"";"";""
"Diferencia entre la renta de mercado y la renta máxima tolerable de alquiler, según sexo, grupos de edad y TTHH";"2020";"298";"Sexo, grupos de edad y territorios históricos";"Bizkaia";"";"";"";""
"Diferencia entre la renta de mercado y la renta máxima tolerable de alquiler, según sexo, grupos de edad y TTHH";"2020";"250";"Sexo, grupos de edad y territorios históricos";"Álava";"";"";"";""
"Diferencia entre la renta de mercado y la renta máxima tolerable de alquiler, según sexo, grupos de edad y TTHH";"2020";"270";"Sexo, grupos de edad y territorios históricos";"30-34 años";"";"";"";""
"Diferencia entre la renta de mercado y la renta máxima tolerable de alquiler, según sexo, grupos de edad y TTHH";"2020";"318";"Sexo, grupos de edad y territorios históricos";"25-29 años";"";"";"";""
"Diferencia entre la renta de mercado y la renta máxima tolerable de alquiler, según sexo, grupos de edad y TTHH";"2020";"414";"Sexo, grupos de edad y territorios históricos";"18-24 años";"";"";"";""
"Diferencia entre la renta de mercado y la renta máxima tolerable de alquiler, según sexo, grupos de edad y TTHH";"2020";"322";"Sexo, grupos de edad y territorios históricos";"Mujeres";"";"";"";""
"Diferencia entre la renta de mercado y la renta máxima tolerable de alquiler, según sexo, grupos de edad y TTHH";"2020";"277";"Sexo, grupos de edad y territorios históricos";"Hombres";"";"";"";""
"Diferencia entre la renta de mercado y la renta máxima tolerable de alquiler, según sexo, grupos de edad y TTHH";"2019";"288";"Sexo, grupos de edad y territorios históricos";"Total";"";"";"";""
"Diferencia entre la renta de mercado y la renta máxima tolerable de alquiler, según sexo, grupos de edad y TTHH";"2019";"310";"Sexo, grupos de edad y territorios históricos";"Gipuzkoa";"";"";"";""
"Diferencia entre la renta de mercado y la renta máxima tolerable de alquiler, según sexo, grupos de edad y TTHH";"2019";"287";"Sexo, grupos de edad y territorios históricos";"Bizkaia";"";"";"";""
"Diferencia entre la renta de mercado y la renta máxima tolerable de alquiler, según sexo, grupos de edad y TTHH";"2019";"237";"Sexo, grupos de edad y territorios históricos";"Álava";"";"";"";""
"Diferencia entre la renta de mercado y la renta máxima tolerable de alquiler, según sexo, grupos de edad y TTHH";"2019";"249";"Sexo, grupos de edad y territorios históricos";"30-34 años";"";"";"";""
"Diferencia entre la renta de mercado y la renta máxima tolerable de alquiler, según sexo, grupos de edad y TTHH";"2019";"303";"Sexo, grupos de edad y territorios históricos";"25-29 años";"";"";"";""
"Diferencia entre la renta de mercado y la renta máxima tolerable de alquiler, según sexo, grupos de edad y TTHH";"2019";"400";"Sexo, grupos de edad y territorios históricos";"18-24 años";"";"";"";""
"Diferencia entre la renta de mercado y la renta máxima tolerable de alquiler, según sexo, grupos de edad y TTHH";"2019";"326";"Sexo, grupos de edad y territorios históricos";"Mujeres";"";"";"";""
"Diferencia entre la renta de mercado y la renta máxima tolerable de alquiler, según sexo, grupos de edad y TTHH";"2019";"271";"Sexo, grupos de edad y territorios históricos";"Hombres";"";"";"";""
"Diferencia entre la renta de mercado y la renta máxima tolerable de alquiler, según sexo, grupos de edad y TTHH";"2018";"267";"Sexo, grupos de edad y territorios históricos";"Total";"";"";"";""
"Diferencia entre la renta de mercado y la renta máxima tolerable de alquiler, según sexo, grupos de edad y TTHH";"2018";"287";"Sexo, grupos de edad y territorios históricos";"Gipuzkoa";"";"";"";""
"Diferencia entre la renta de mercado y la renta máxima tolerable de alquiler, según sexo, grupos de edad y TTHH";"2018";"268";"Sexo, grupos de edad y territorios históricos";"Bizkaia";"";"";"";""
"Diferencia entre la renta de mercado y la renta máxima tolerable de alquiler, según sexo, grupos de edad y TTHH";"2018";"208";"Sexo, grupos de edad y territorios históricos";"Álava";"";"";"";""
"Diferencia entre la renta de mercado y la renta máxima tolerable de alquiler, según sexo, grupos de edad y TTHH";"2018";"237";"Sexo, grupos de edad y territorios históricos";"30-34 años";"";"";"";""
"Diferencia entre la renta de mercado y la renta máxima tolerable de alquiler, según sexo, grupos de edad y TTHH";"2018";"291";"Sexo, grupos de edad y territorios históricos";"25-29 años";"";"";"";""
"Diferencia entre la renta de mercado y la renta máxima tolerable de alquiler, según sexo, grupos de edad y TTHH";"2018";"391";"Sexo, grupos de edad y territorios históricos";"18-24 años";"";"";"";""
"Diferencia entre la renta de mercado y la renta máxima tolerable de alquiler, según sexo, grupos de edad y TTHH";"2018";"306";"Sexo, grupos de edad y territorios históricos";"Mujeres";"";"";"";""
"Diferencia entre la renta de mercado y la renta máxima tolerable de alquiler, según sexo, grupos de edad y TTHH";"2018";"241";"Sexo, grupos de edad y territorios históricos";"Hombres";"";"";"";""
"Diferencia entre la renta de mercado y la renta máxima tolerable de alquiler, según sexo, grupos de edad y TTHH";"2017";"248";"Sexo, grupos de edad y territorios históricos";"Total";"";"";"";""
"Diferencia entre la renta de mercado y la renta máxima tolerable de alquiler, según sexo, grupos de edad y TTHH";"2017";"270";"Sexo, grupos de edad y territorios históricos";"Gipuzkoa";"";"";"";""
"Diferencia entre la renta de mercado y la renta máxima tolerable de alquiler, según sexo, grupos de edad y TTHH";"2017";"257";"Sexo, grupos de edad y territorios históricos";"Bizkaia";"";"";"";""
"Diferencia entre la renta de mercado y la renta máxima tolerable de alquiler, según sexo, grupos de edad y TTHH";"2017";"168";"Sexo, grupos de edad y territorios históricos";"Álava";"";"";"";""
"Diferencia entre la renta de mercado y la renta máxima tolerable de alquiler, según sexo, grupos de edad y TTHH";"2017";"221";"Sexo, grupos de edad y territorios históricos";"30-34 años";"";"";"";""
"Diferencia entre la renta de mercado y la renta máxima tolerable de alquiler, según sexo, grupos de edad y TTHH";"2017";"283";"Sexo, grupos de edad y territorios históricos";"25-29 años";"";"";"";""
"Diferencia entre la renta de mercado y la renta máxima tolerable de alquiler, según sexo, grupos de edad y TTHH";"2017";"371";"Sexo, grupos de edad y territorios históricos";"18-24 años";"";"";"";""
"Diferencia entre la renta de mercado y la renta máxima tolerable de alquiler, según sexo, grupos de edad y TTHH";"2017";"283";"Sexo, grupos de edad y territorios históricos";"Mujeres";"";"";"";""
"Diferencia entre la renta de mercado y la renta máxima tolerable de alquiler, según sexo, grupos de edad y TTHH";"2017";"217";"Sexo, grupos de edad y territorios históricos";"Hombres";"";"";"";""
"Diferencia entre la renta de mercado y la renta máxima tolerable de alquiler, según sexo, grupos de edad y TTHH";"2016";"225";"Sexo, grupos de edad y territorios históricos";"Total";"";"";"";""
"Diferencia entre la renta de mercado y la renta máxima tolerable de alquiler, según sexo, grupos de edad y TTHH";"2016";"245";"Sexo, grupos de edad y territorios históricos";"Gipuzkoa";"";"";"";""
"Diferencia entre la renta de mercado y la renta máxima tolerable de alquiler, según sexo, grupos de edad y TTHH";"2016";"236";"Sexo, grupos de edad y territorios históricos";"Bizkaia";"";"";"";""
"Diferencia entre la renta de mercado y la renta máxima tolerable de alquiler, según sexo, grupos de edad y TTHH";"2016";"141";"Sexo, grupos de edad y territorios históricos";"Álava";"";"";"";""
"Diferencia entre la renta de mercado y la renta máxima tolerable de alquiler, según sexo, grupos de edad y TTHH";"2016";"197";"Sexo, grupos de edad y territorios históricos";"30-34 años";"";"";"";""
"Diferencia entre la renta de mercado y la renta máxima tolerable de alquiler, según sexo, grupos de edad y TTHH";"2016";"262";"Sexo, grupos de edad y territorios históricos";"25-29 años";"";"";"";""
"Diferencia entre la renta de mercado y la renta máxima tolerable de alquiler, según sexo, grupos de edad y TTHH";"2016";"356";"Sexo, grupos de edad y territorios históricos";"18-24 años";"";"";"";""
"Diferencia entre la renta de mercado y la renta máxima tolerable de alquiler, según sexo, grupos de edad y TTHH";"2016";"266";"Sexo, grupos de edad y territorios históricos";"Mujeres";"";"";"";""
"Diferencia entre la renta de mercado y la renta máxima tolerable de alquiler, según sexo, grupos de edad y TTHH";"2016";"195";"Sexo, grupos de edad y territorios históricos";"Hombres";"";"";"";""
"Edad media de emancipación, según sexo";"2025";"30.1";"Sexo";"Total";"";"";"";""
"Edad media de emancipación, según sexo";"2025";"29.4";"Sexo";"Mujeres";"";"";"";""
"Edad media de emancipación, según sexo";"2025";"30.8";"Sexo";"Hombres";"";"";"";""
"Edad media de emancipación, según sexo";"2024";"29.8";"Sexo";"Total";"";"";"";""
"Edad media de emancipación, según sexo";"2024";"29.2";"Sexo";"Mujeres";"";"";"";""
"Edad media de emancipación, según sexo";"2024";"30.4";"Sexo";"Hombres";"";"";"";""
"Edad media de emancipación, según sexo";"2023";"29.8";"Sexo";"Total";"";"";"";""
"Edad media de emancipación, según sexo";"2023";"29";"Sexo";"Mujeres";"";"";"";""
"Edad media de emancipación, según sexo";"2023";"30.6";"Sexo";"Hombres";"";"";"";""
"Edad media de emancipación, según sexo";"2022";"29.7";"Sexo";"Total";"";"";"";""
"Edad media de emancipación, según sexo";"2022";"28.4";"Sexo";"Mujeres";"";"";"";""
"Edad media de emancipación, según sexo";"2022";"31";"Sexo";"Hombres";"";"";"";""
"Edad media de emancipación, según sexo";"2021";"30.1";"Sexo";"Total";"";"";"";""
"Edad media de emancipación, según sexo";"2021";"29";"Sexo";"Mujeres";"";"";"";""
"Edad media de emancipación, según sexo";"2021";"31.1";"Sexo";"Hombres";"";"";"";""
"Edad media de emancipación, según sexo";"2020";"29.9";"Sexo";"Total";"";"";"";""
"Edad media de emancipación, según sexo";"2020";"29";"Sexo";"Mujeres";"";"";"";""
"Edad media de emancipación, según sexo";"2020";"30.7";"Sexo";"Hombres";"";"";"";""
"Edad media de emancipación, según sexo";"2019";"29.9";"Sexo";"Total";"";"";"";""
"Edad media de emancipación, según sexo";"2019";"29.1";"Sexo";"Mujeres";"";"";"";""
"Edad media de emancipación, según sexo";"2019";"30.7";"Sexo";"Hombres";"";"";"";""
"Edad media de emancipación, según sexo";"2018";"30.1";"Sexo";"Total";"";"";"";""
"Edad media de emancipación, según sexo";"2018";"29.4";"Sexo";"Mujeres";"";"";"";""
"Edad media de emancipación, según sexo";"2018";"30.8";"Sexo";"Hombres";"";"";"";""
"Edad media de emancipación, según sexo";"2017";"30.1";"Sexo";"Total";"";"";"";""
"Edad media de emancipación, según sexo";"2017";"29.3";"Sexo";"Mujeres";"";"";"";""
"Edad media de emancipación, según sexo";"2017";"30.9";"Sexo";"Hombres";"";"";"";""
"Edad media de emancipación, según sexo";"2016";"30.4";"Sexo";"Total";"";"";"";""
"Edad media de emancipación, según sexo";"2016";"29.3";"Sexo";"Mujeres";"";"";"";""
"Edad media de emancipación, según sexo";"2016";"31.4";"Sexo";"Hombres";"";"";"";""
"Edad media de emancipación, según sexo";"2015";"30.2";"Sexo";"Total";"";"";"";""
"Edad media de emancipación, según sexo";"2015";"29.3";"Sexo";"Mujeres";"";"";"";""
"Edad media de emancipación, según sexo";"2015";"31.1";"Sexo";"Hombres";"";"";"";""
"Emancipación en alquiler, según sexo y grupos de edad";"2023";"44.5";"Sexo, edad 18-34 en dos grupos";"Total";"";"";"";""
"Emancipación en alquiler, según sexo y grupos de edad";"2023";"36";"Sexo, edad 18-34 en dos grupos";"30-34 años";"";"";"";""
"Emancipación en alquiler, según sexo y grupos de edad";"2023";"58";"Sexo, edad 18-34 en dos grupos";"18-29 años";"";"";"";""
"Emancipación en alquiler, según sexo y grupos de edad";"2023";"45.3";"Sexo, edad 18-34 en dos grupos";"Mujeres";"";"";"";""
"Emancipación en alquiler, según sexo y grupos de edad";"2023";"43.5";"Sexo, edad 18-34 en dos grupos";"Hombres";"";"";"";""
"Emancipación en alquiler, según sexo y grupos de edad";"2021";"42.1";"Sexo, edad 18-34 en dos grupos";"Total";"";"";"";""
"Emancipación en alquiler, según sexo y grupos de edad";"2021";"37.1";"Sexo, edad 18-34 en dos grupos";"30-34 años";"";"";"";""
"Emancipación en alquiler, según sexo y grupos de edad";"2021";"49.5";"Sexo, edad 18-34 en dos grupos";"18-29 años";"";"";"";""
"Emancipación en alquiler, según sexo y grupos de edad";"2021";"39.3";"Sexo, edad 18-34 en dos grupos";"Mujeres";"";"";"";""
"Emancipación en alquiler, según sexo y grupos de edad";"2021";"45.4";"Sexo, edad 18-34 en dos grupos";"Hombres";"";"";"";""
"Emancipación en alquiler, según sexo y grupos de edad";"2019";"46.6";"Sexo, edad 18-34 en dos grupos";"Total";"";"";"";""
"Emancipación en alquiler, según sexo y grupos de edad";"2019";"36.8";"Sexo, edad 18-34 en dos grupos";"30-34 años";"";"";"";""
"Emancipación en alquiler, según sexo y grupos de edad";"2019";"64.9";"Sexo, edad 18-34 en dos grupos";"18-29 años";"";"";"";""
"Emancipación en alquiler, según sexo y grupos de edad";"2019";"45.7";"Sexo, edad 18-34 en dos grupos";"Mujeres";"";"";"";""
"Emancipación en alquiler, según sexo y grupos de edad";"2019";"47.7";"Sexo, edad 18-34 en dos grupos";"Hombres";"";"";"";""
"Emancipación en alquiler, según sexo y grupos de edad";"2017";"36.5";"Sexo, edad 18-34 en dos grupos";"Total";"";"";"";""
"Emancipación en alquiler, según sexo y grupos de edad";"2017";"32.2";"Sexo, edad 18-34 en dos grupos";"30-34 años";"";"";"";""
"Emancipación en alquiler, según sexo y grupos de edad";"2017";"45.6";"Sexo, edad 18-34 en dos grupos";"18-29 años";"";"";"";""
"Emancipación en alquiler, según sexo y grupos de edad";"2017";"31.8";"Sexo, edad 18-34 en dos grupos";"Mujeres";"";"";"";""
"Emancipación en alquiler, según sexo y grupos de edad";"2017";"42.5";"Sexo, edad 18-34 en dos grupos";"Hombres";"";"";"";""
"Emancipación en alquiler, según sexo y grupos de edad";"2015";"44";"Sexo, edad 18-34 en dos grupos";"Total";"";"";"";""
"Emancipación en alquiler, según sexo y grupos de edad";"2015";"36.1";"Sexo, edad 18-34 en dos grupos";"30-34 años";"";"";"";""
"Emancipación en alquiler, según sexo y grupos de edad";"2015";"58.7";"Sexo, edad 18-34 en dos grupos";"18-29 años";"";"";"";""
"Emancipación en alquiler, según sexo y grupos de edad";"2015";"44.7";"Sexo, edad 18-34 en dos grupos";"Mujeres";"";"";"";""
"Emancipación en alquiler, según sexo y grupos de edad";"2015";"43.1";"Sexo, edad 18-34 en dos grupos";"Hombres";"";"";"";""
"Emancipación en propiedad, según sexo y grupos de edad";"2023";"52.4";"Sexo, edad 18-34 en dos grupos";"Total";"";"";"";""
"Emancipación en propiedad, según sexo y grupos de edad";"2023";"61";"Sexo, edad 18-34 en dos grupos";"30-34 años";"";"";"";""
"Emancipación en propiedad, según sexo y grupos de edad";"2023";"38.9";"Sexo, edad 18-34 en dos grupos";"18-29 años";"";"";"";""
"Emancipación en propiedad, según sexo y grupos de edad";"2023";"51.6";"Sexo, edad 18-34 en dos grupos";"Mujeres";"";"";"";""
"Emancipación en propiedad, según sexo y grupos de edad";"2023";"53.5";"Sexo, edad 18-34 en dos grupos";"Hombres";"";"";"";""
"Emancipación en propiedad, según sexo y grupos de edad";"2021";"51.6";"Sexo, edad 18-34 en dos grupos";"Total";"";"";"";""
"Emancipación en propiedad, según sexo y grupos de edad";"2021";"56.3";"Sexo, edad 18-34 en dos grupos";"30-34 años";"";"";"";""
"Emancipación en propiedad, según sexo y grupos de edad";"2021";"44.5";"Sexo, edad 18-34 en dos grupos";"18-29 años";"";"";"";""
"Emancipación en propiedad, según sexo y grupos de edad";"2021";"55.1";"Sexo, edad 18-34 en dos grupos";"Mujeres";"";"";"";""
"Emancipación en propiedad, según sexo y grupos de edad";"2021";"47.5";"Sexo, edad 18-34 en dos grupos";"Hombres";"";"";"";""
"Emancipación en propiedad, según sexo y grupos de edad";"2019";"50.2";"Sexo, edad 18-34 en dos grupos";"Total";"";"";"";""
"Emancipación en propiedad, según sexo y grupos de edad";"2019";"60.1";"Sexo, edad 18-34 en dos grupos";"30-34 años";"";"";"";""
"Emancipación en propiedad, según sexo y grupos de edad";"2019";"31.5";"Sexo, edad 18-34 en dos grupos";"18-29 años";"";"";"";""
"Emancipación en propiedad, según sexo y grupos de edad";"2019";"51.6";"Sexo, edad 18-34 en dos grupos";"Mujeres";"";"";"";""
"Emancipación en propiedad, según sexo y grupos de edad";"2019";"48.4";"Sexo, edad 18-34 en dos grupos";"Hombres";"";"";"";""
"Emancipación en propiedad, según sexo y grupos de edad";"2017";"56.7";"Sexo, edad 18-34 en dos grupos";"Total";"";"";"";""
"Emancipación en propiedad, según sexo y grupos de edad";"2017";"62.1";"Sexo, edad 18-34 en dos grupos";"30-34 años";"";"";"";""
"Emancipación en propiedad, según sexo y grupos de edad";"2017";"45.4";"Sexo, edad 18-34 en dos grupos";"18-29 años";"";"";"";""
"Emancipación en propiedad, según sexo y grupos de edad";"2017";"61.8";"Sexo, edad 18-34 en dos grupos";"Mujeres";"";"";"";""
"Emancipación en propiedad, según sexo y grupos de edad";"2017";"50.2";"Sexo, edad 18-34 en dos grupos";"Hombres";"";"";"";""
"Emancipación en propiedad, según sexo y grupos de edad";"2015";"52.5";"Sexo, edad 18-34 en dos grupos";"Total";"";"";"";""
"Emancipación en propiedad, según sexo y grupos de edad";"2015";"60.8";"Sexo, edad 18-34 en dos grupos";"30-34 años";"";"";"";""
"Emancipación en propiedad, según sexo y grupos de edad";"2015";"37.1";"Sexo, edad 18-34 en dos grupos";"18-29 años";"";"";"";""
"Emancipación en propiedad, según sexo y grupos de edad";"2015";"52.2";"Sexo, edad 18-34 en dos grupos";"Mujeres";"";"";"";""
"Emancipación en propiedad, según sexo y grupos de edad";"2015";"52.9";"Sexo, edad 18-34 en dos grupos";"Hombres";"";"";"";""
"Expectativa de emancipación truncada, según sexo, grupos de edad y TTHH";"2025";"45";"Sexo, edad y TTHH";"Total";"Expectativa de emancipación truncada";"Expectativa de emancipación truncada";"";""
"Expectativa de emancipación truncada, según sexo, grupos de edad y TTHH";"2025";"45";"Sexo, edad y TTHH";"Gipuzkoa";"Expectativa de emancipación truncada";"Expectativa de emancipación truncada";"";""
"Expectativa de emancipación truncada, según sexo, grupos de edad y TTHH";"2025";"46";"Sexo, edad y TTHH";"Bizkaia";"Expectativa de emancipación truncada";"Expectativa de emancipación truncada";"";""
"Expectativa de emancipación truncada, según sexo, grupos de edad y TTHH";"2025";"41";"Sexo, edad y TTHH";"Álava";"Expectativa de emancipación truncada";"Expectativa de emancipación truncada";"";""
"Expectativa de emancipación truncada, según sexo, grupos de edad y TTHH";"2025";"34";"Sexo, edad y TTHH";"25-29 años";"Expectativa de emancipación truncada";"Expectativa de emancipación truncada";"";""
"Expectativa de emancipación truncada, según sexo, grupos de edad y TTHH";"2025";"53";"Sexo, edad y TTHH";"20-24 años";"Expectativa de emancipación truncada";"Expectativa de emancipación truncada";"";""
"Expectativa de emancipación truncada, según sexo, grupos de edad y TTHH";"2025";"46";"Sexo, edad y TTHH";"15-19 años";"Expectativa de emancipación truncada";"Expectativa de emancipación truncada";"";""
"Expectativa de emancipación truncada, según sexo, grupos de edad y TTHH";"2025";"44";"Sexo, edad y TTHH";"Mujeres";"Expectativa de emancipación truncada";"Expectativa de emancipación truncada";"";""
"Expectativa de emancipación truncada, según sexo, grupos de edad y TTHH";"2025";"45";"Sexo, edad y TTHH";"Hombres";"Expectativa de emancipación truncada";"Expectativa de emancipación truncada";"";""
"Expectativa de emancipación truncada, según sexo, grupos de edad y TTHH";"2024";"44";"Sexo, edad y TTHH";"Total";"Expectativa de emancipación truncada";"Expectativa de emancipación truncada";"";""
"Expectativa de emancipación truncada, según sexo, grupos de edad y TTHH";"2024";"44";"Sexo, edad y TTHH";"Gipuzkoa";"Expectativa de emancipación truncada";"Expectativa de emancipación truncada";"";""
"Expectativa de emancipación truncada, según sexo, grupos de edad y TTHH";"2024";"48";"Sexo, edad y TTHH";"Bizkaia";"Expectativa de emancipación truncada";"Expectativa de emancipación truncada";"";""
"Expectativa de emancipación truncada, según sexo, grupos de edad y TTHH";"2024";"45";"Sexo, edad y TTHH";"Álava";"Expectativa de emancipación truncada";"Expectativa de emancipación truncada";"";""
"Expectativa de emancipación truncada, según sexo, grupos de edad y TTHH";"2024";"40";"Sexo, edad y TTHH";"25-29 años";"Expectativa de emancipación truncada";"Expectativa de emancipación truncada";"";""
"Expectativa de emancipación truncada, según sexo, grupos de edad y TTHH";"2024";"50";"Sexo, edad y TTHH";"20-24 años";"Expectativa de emancipación truncada";"Expectativa de emancipación truncada";"";""
"Expectativa de emancipación truncada, según sexo, grupos de edad y TTHH";"2024";"43";"Sexo, edad y TTHH";"15-19 años";"Expectativa de emancipación truncada";"Expectativa de emancipación truncada";"";""
"Expectativa de emancipación truncada, según sexo, grupos de edad y TTHH";"2024";"43";"Sexo, edad y TTHH";"Mujeres";"Expectativa de emancipación truncada";"Expectativa de emancipación truncada";"";""
"Expectativa de emancipación truncada, según sexo, grupos de edad y TTHH";"2024";"45";"Sexo, edad y TTHH";"Hombres";"Expectativa de emancipación truncada";"Expectativa de emancipación truncada";"";""
"Expectativa de emancipación truncada, según sexo, grupos de edad y TTHH";"2023";"43";"Sexo, edad y TTHH";"Total";"Expectativa de emancipación truncada";"Expectativa de emancipación truncada";"";""
"Expectativa de emancipación truncada, según sexo, grupos de edad y TTHH";"2023";"42";"Sexo, edad y TTHH";"Gipuzkoa";"Expectativa de emancipación truncada";"Expectativa de emancipación truncada";"";""
"Expectativa de emancipación truncada, según sexo, grupos de edad y TTHH";"2023";"47";"Sexo, edad y TTHH";"Bizkaia";"Expectativa de emancipación truncada";"Expectativa de emancipación truncada";"";""
"Expectativa de emancipación truncada, según sexo, grupos de edad y TTHH";"2023";"42";"Sexo, edad y TTHH";"Álava";"Expectativa de emancipación truncada";"Expectativa de emancipación truncada";"";""
"Expectativa de emancipación truncada, según sexo, grupos de edad y TTHH";"2023";"35";"Sexo, edad y TTHH";"25-29 años";"Expectativa de emancipación truncada";"Expectativa de emancipación truncada";"";""
"Expectativa de emancipación truncada, según sexo, grupos de edad y TTHH";"2023";"52";"Sexo, edad y TTHH";"20-24 años";"Expectativa de emancipación truncada";"Expectativa de emancipación truncada";"";""
"Expectativa de emancipación truncada, según sexo, grupos de edad y TTHH";"2023";"41";"Sexo, edad y TTHH";"15-19 años";"Expectativa de emancipación truncada";"Expectativa de emancipación truncada";"";""
"Expectativa de emancipación truncada, según sexo, grupos de edad y TTHH";"2023";"42";"Sexo, edad y TTHH";"Mujeres";"Expectativa de emancipación truncada";"Expectativa de emancipación truncada";"";""
"Expectativa de emancipación truncada, según sexo, grupos de edad y TTHH";"2023";"44";"Sexo, edad y TTHH";"Hombres";"Expectativa de emancipación truncada";"Expectativa de emancipación truncada";"";""
"Expectativa de emancipación truncada, según sexo, grupos de edad y TTHH";"2022";"45";"Sexo, edad y TTHH";"Total";"Expectativa de emancipación truncada";"Expectativa de emancipación truncada";"";""
"Expectativa de emancipación truncada, según sexo, grupos de edad y TTHH";"2022";"42";"Sexo, edad y TTHH";"Gipuzkoa";"Expectativa de emancipación truncada";"Expectativa de emancipación truncada";"";""
"Expectativa de emancipación truncada, según sexo, grupos de edad y TTHH";"2022";"47";"Sexo, edad y TTHH";"Bizkaia";"Expectativa de emancipación truncada";"Expectativa de emancipación truncada";"";""
"Expectativa de emancipación truncada, según sexo, grupos de edad y TTHH";"2022";"46";"Sexo, edad y TTHH";"Álava";"Expectativa de emancipación truncada";"Expectativa de emancipación truncada";"";""
"Expectativa de emancipación truncada, según sexo, grupos de edad y TTHH";"2022";"37";"Sexo, edad y TTHH";"25-29 años";"Expectativa de emancipación truncada";"Expectativa de emancipación truncada";"";""
"Expectativa de emancipación truncada, según sexo, grupos de edad y TTHH";"2022";"54";"Sexo, edad y TTHH";"20-24 años";"Expectativa de emancipación truncada";"Expectativa de emancipación truncada";"";""
"Expectativa de emancipación truncada, según sexo, grupos de edad y TTHH";"2022";"44";"Sexo, edad y TTHH";"15-19 años";"Expectativa de emancipación truncada";"Expectativa de emancipación truncada";"";""
"Expectativa de emancipación truncada, según sexo, grupos de edad y TTHH";"2022";"42";"Sexo, edad y TTHH";"Mujeres";"Expectativa de emancipación truncada";"Expectativa de emancipación truncada";"";""
"Expectativa de emancipación truncada, según sexo, grupos de edad y TTHH";"2022";"48";"Sexo, edad y TTHH";"Hombres";"Expectativa de emancipación truncada";"Expectativa de emancipación truncada";"";""
"Expectativa de emancipación truncada, según sexo, grupos de edad y TTHH";"2021";"42";"Sexo, edad y TTHH";"Total";"Expectativa de emancipación truncada";"Expectativa de emancipación truncada";"";""
"Expectativa de emancipación truncada, según sexo, grupos de edad y TTHH";"2021";"38";"Sexo, edad y TTHH";"Gipuzkoa";"Expectativa de emancipación truncada";"Expectativa de emancipación truncada";"";""
"Expectativa de emancipación truncada, según sexo, grupos de edad y TTHH";"2021";"45";"Sexo, edad y TTHH";"Bizkaia";"Expectativa de emancipación truncada";"Expectativa de emancipación truncada";"";""
"Expectativa de emancipación truncada, según sexo, grupos de edad y TTHH";"2021";"42";"Sexo, edad y TTHH";"Álava";"Expectativa de emancipación truncada";"Expectativa de emancipación truncada";"";""
"Expectativa de emancipación truncada, según sexo, grupos de edad y TTHH";"2021";"33";"Sexo, edad y TTHH";"25-29 años";"Expectativa de emancipación truncada";"Expectativa de emancipación truncada";"";""
"Expectativa de emancipación truncada, según sexo, grupos de edad y TTHH";"2021";"49";"Sexo, edad y TTHH";"20-24 años";"Expectativa de emancipación truncada";"Expectativa de emancipación truncada";"";""
"Expectativa de emancipación truncada, según sexo, grupos de edad y TTHH";"2021";"43";"Sexo, edad y TTHH";"15-19 años";"Expectativa de emancipación truncada";"Expectativa de emancipación truncada";"";""
"Expectativa de emancipación truncada, según sexo, grupos de edad y TTHH";"2021";"41";"Sexo, edad y TTHH";"Mujeres";"Expectativa de emancipación truncada";"Expectativa de emancipación truncada";"";""
"Expectativa de emancipación truncada, según sexo, grupos de edad y TTHH";"2021";"43";"Sexo, edad y TTHH";"Hombres";"Expectativa de emancipación truncada";"Expectativa de emancipación truncada";"";""
"Expectativa de emancipación truncada, según sexo, grupos de edad y TTHH";"2020";"41";"Sexo, edad y TTHH";"Total";"Expectativa de emancipación truncada";"Expectativa de emancipación truncada";"";""
"Expectativa de emancipación truncada, según sexo, grupos de edad y TTHH";"2020";"37";"Sexo, edad y TTHH";"Gipuzkoa";"Expectativa de emancipación truncada";"Expectativa de emancipación truncada";"";""
"Expectativa de emancipación truncada, según sexo, grupos de edad y TTHH";"2020";"43";"Sexo, edad y TTHH";"Bizkaia";"Expectativa de emancipación truncada";"Expectativa de emancipación truncada";"";""
"Expectativa de emancipación truncada, según sexo, grupos de edad y TTHH";"2020";"39";"Sexo, edad y TTHH";"Álava";"Expectativa de emancipación truncada";"Expectativa de emancipación truncada";"";""
"Expectativa de emancipación truncada, según sexo, grupos de edad y TTHH";"2020";"33";"Sexo, edad y TTHH";"25-29 años";"Expectativa de emancipación truncada";"Expectativa de emancipación truncada";"";""
"Expectativa de emancipación truncada, según sexo, grupos de edad y TTHH";"2020";"49";"Sexo, edad y TTHH";"20-24 años";"Expectativa de emancipación truncada";"Expectativa de emancipación truncada";"";""
"Expectativa de emancipación truncada, según sexo, grupos de edad y TTHH";"2020";"40";"Sexo, edad y TTHH";"15-19 años";"Expectativa de emancipación truncada";"Expectativa de emancipación truncada";"";""
"Expectativa de emancipación truncada, según sexo, grupos de edad y TTHH";"2020";"39";"Sexo, edad y TTHH";"Mujeres";"Expectativa de emancipación truncada";"Expectativa de emancipación truncada";"";""
"Expectativa de emancipación truncada, según sexo, grupos de edad y TTHH";"2020";"42";"Sexo, edad y TTHH";"Hombres";"Expectativa de emancipación truncada";"Expectativa de emancipación truncada";"";""
"Expectativa de emancipación truncada, según sexo, grupos de edad y TTHH";"2019";"40";"Sexo, edad y TTHH";"Total";"Expectativa de emancipación truncada";"Expectativa de emancipación truncada";"";""
"Expectativa de emancipación truncada, según sexo, grupos de edad y TTHH";"2019";"37";"Sexo, edad y TTHH";"Gipuzkoa";"Expectativa de emancipación truncada";"Expectativa de emancipación truncada";"";""
"Expectativa de emancipación truncada, según sexo, grupos de edad y TTHH";"2019";"45";"Sexo, edad y TTHH";"Bizkaia";"Expectativa de emancipación truncada";"Expectativa de emancipación truncada";"";""
"Expectativa de emancipación truncada, según sexo, grupos de edad y TTHH";"2019";"33";"Sexo, edad y TTHH";"Álava";"Expectativa de emancipación truncada";"Expectativa de emancipación truncada";"";""
"Expectativa de emancipación truncada, según sexo, grupos de edad y TTHH";"2019";"27";"Sexo, edad y TTHH";"25-29 años";"Expectativa de emancipación truncada";"Expectativa de emancipación truncada";"";""
"Expectativa de emancipación truncada, según sexo, grupos de edad y TTHH";"2019";"44";"Sexo, edad y TTHH";"20-24 años";"Expectativa de emancipación truncada";"Expectativa de emancipación truncada";"";""
"Expectativa de emancipación truncada, según sexo, grupos de edad y TTHH";"2019";"50";"Sexo, edad y TTHH";"15-19 años";"Expectativa de emancipación truncada";"Expectativa de emancipación truncada";"";""
"Expectativa de emancipación truncada, según sexo, grupos de edad y TTHH";"2019";"38";"Sexo, edad y TTHH";"Mujeres";"Expectativa de emancipación truncada";"Expectativa de emancipación truncada";"";""
"Expectativa de emancipación truncada, según sexo, grupos de edad y TTHH";"2019";"43";"Sexo, edad y TTHH";"Hombres";"Expectativa de emancipación truncada";"Expectativa de emancipación truncada";"";""
"Expectativa de emancipación truncada, según sexo, grupos de edad y TTHH";"2018";"49";"Sexo, edad y TTHH";"Total";"Expectativa de emancipación truncada";"Expectativa de emancipación truncada";"";""
"Expectativa de emancipación truncada, según sexo, grupos de edad y TTHH";"2018";"44";"Sexo, edad y TTHH";"Gipuzkoa";"Expectativa de emancipación truncada";"Expectativa de emancipación truncada";"";""
"Expectativa de emancipación truncada, según sexo, grupos de edad y TTHH";"2018";"54";"Sexo, edad y TTHH";"Bizkaia";"Expectativa de emancipación truncada";"Expectativa de emancipación truncada";"";""
"Expectativa de emancipación truncada, según sexo, grupos de edad y TTHH";"2018";"44";"Sexo, edad y TTHH";"Álava";"Expectativa de emancipación truncada";"Expectativa de emancipación truncada";"";""
"Expectativa de emancipación truncada, según sexo, grupos de edad y TTHH";"2018";"41";"Sexo, edad y TTHH";"25-29 años";"Expectativa de emancipación truncada";"Expectativa de emancipación truncada";"";""
"Expectativa de emancipación truncada, según sexo, grupos de edad y TTHH";"2018";"58";"Sexo, edad y TTHH";"20-24 años";"Expectativa de emancipación truncada";"Expectativa de emancipación truncada";"";""
"Expectativa de emancipación truncada, según sexo, grupos de edad y TTHH";"2018";"49";"Sexo, edad y TTHH";"15-19 años";"Expectativa de emancipación truncada";"Expectativa de emancipación truncada";"";""
"Expectativa de emancipación truncada, según sexo, grupos de edad y TTHH";"2018";"49";"Sexo, edad y TTHH";"Mujeres";"Expectativa de emancipación truncada";"Expectativa de emancipación truncada";"";""
"Expectativa de emancipación truncada, según sexo, grupos de edad y TTHH";"2018";"49";"Sexo, edad y TTHH";"Hombres";"Expectativa de emancipación truncada";"Expectativa de emancipación truncada";"";""
"Expectativa de emancipación truncada, según sexo, grupos de edad y TTHH";"2017";"46";"Sexo, edad y TTHH";"Total";"Expectativa de emancipación truncada";"Expectativa de emancipación truncada";"";""
"Expectativa de emancipación truncada, según sexo, grupos de edad y TTHH";"2017";"39";"Sexo, edad y TTHH";"Gipuzkoa";"Expectativa de emancipación truncada";"Expectativa de emancipación truncada";"";""
"Expectativa de emancipación truncada, según sexo, grupos de edad y TTHH";"2017";"49";"Sexo, edad y TTHH";"Bizkaia";"Expectativa de emancipación truncada";"Expectativa de emancipación truncada";"";""
"Expectativa de emancipación truncada, según sexo, grupos de edad y TTHH";"2017";"48";"Sexo, edad y TTHH";"Álava";"Expectativa de emancipación truncada";"Expectativa de emancipación truncada";"";""
"Expectativa de emancipación truncada, según sexo, grupos de edad y TTHH";"2017";"33";"Sexo, edad y TTHH";"25-29 años";"Expectativa de emancipación truncada";"Expectativa de emancipación truncada";"";""
"Expectativa de emancipación truncada, según sexo, grupos de edad y TTHH";"2017";"57";"Sexo, edad y TTHH";"20-24 años";"Expectativa de emancipación truncada";"Expectativa de emancipación truncada";"";""
"Expectativa de emancipación truncada, según sexo, grupos de edad y TTHH";"2017";"50";"Sexo, edad y TTHH";"15-19 años";"Expectativa de emancipación truncada";"Expectativa de emancipación truncada";"";""
"Expectativa de emancipación truncada, según sexo, grupos de edad y TTHH";"2017";"46";"Sexo, edad y TTHH";"Mujeres";"Expectativa de emancipación truncada";"Expectativa de emancipación truncada";"";""
"Expectativa de emancipación truncada, según sexo, grupos de edad y TTHH";"2017";"46";"Sexo, edad y TTHH";"Hombres";"Expectativa de emancipación truncada";"Expectativa de emancipación truncada";"";""
"Expectativa de emancipación truncada, según sexo, grupos de edad y TTHH";"2016";"46";"Sexo, edad y TTHH";"Total";"Expectativa de emancipación truncada";"Expectativa de emancipación truncada";"";""
"Expectativa de emancipación truncada, según sexo, grupos de edad y TTHH";"2016";"41";"Sexo, edad y TTHH";"Gipuzkoa";"Expectativa de emancipación truncada";"Expectativa de emancipación truncada";"";""
"Expectativa de emancipación truncada, según sexo, grupos de edad y TTHH";"2016";"49";"Sexo, edad y TTHH";"Bizkaia";"Expectativa de emancipación truncada";"Expectativa de emancipación truncada";"";""
"Expectativa de emancipación truncada, según sexo, grupos de edad y TTHH";"2016";"45";"Sexo, edad y TTHH";"Álava";"Expectativa de emancipación truncada";"Expectativa de emancipación truncada";"";""
"Expectativa de emancipación truncada, según sexo, grupos de edad y TTHH";"2016";"42";"Sexo, edad y TTHH";"25-29 años";"Expectativa de emancipación truncada";"Expectativa de emancipación truncada";"";""
"Expectativa de emancipación truncada, según sexo, grupos de edad y TTHH";"2016";"52";"Sexo, edad y TTHH";"20-24 años";"Expectativa de emancipación truncada";"Expectativa de emancipación truncada";"";""
"Expectativa de emancipación truncada, según sexo, grupos de edad y TTHH";"2016";"46";"Sexo, edad y TTHH";"15-19 años";"Expectativa de emancipación truncada";"Expectativa de emancipación truncada";"";""
"Expectativa de emancipación truncada, según sexo, grupos de edad y TTHH";"2016";"42";"Sexo, edad y TTHH";"Mujeres";"Expectativa de emancipación truncada";"Expectativa de emancipación truncada";"";""
"Expectativa de emancipación truncada, según sexo, grupos de edad y TTHH";"2016";"50";"Sexo, edad y TTHH";"Hombres";"Expectativa de emancipación truncada";"Expectativa de emancipación truncada";"";""
"Expectativa de emancipación truncada, según sexo, grupos de edad y TTHH";"2015";"49";"Sexo, edad y TTHH";"Total";"Expectativa de emancipación truncada";"Expectativa de emancipación truncada";"";""
"Expectativa de emancipación truncada, según sexo, grupos de edad y TTHH";"2015";"44";"Sexo, edad y TTHH";"Gipuzkoa";"Expectativa de emancipación truncada";"Expectativa de emancipación truncada";"";""
"Expectativa de emancipación truncada, según sexo, grupos de edad y TTHH";"2015";"54";"Sexo, edad y TTHH";"Bizkaia";"Expectativa de emancipación truncada";"Expectativa de emancipación truncada";"";""
"Expectativa de emancipación truncada, según sexo, grupos de edad y TTHH";"2015";"43";"Sexo, edad y TTHH";"Álava";"Expectativa de emancipación truncada";"Expectativa de emancipación truncada";"";""
"Expectativa de emancipación truncada, según sexo, grupos de edad y TTHH";"2015";"44";"Sexo, edad y TTHH";"25-29 años";"Expectativa de emancipación truncada";"Expectativa de emancipación truncada";"";""
"Expectativa de emancipación truncada, según sexo, grupos de edad y TTHH";"2015";"58";"Sexo, edad y TTHH";"20-24 años";"Expectativa de emancipación truncada";"Expectativa de emancipación truncada";"";""
"Expectativa de emancipación truncada, según sexo, grupos de edad y TTHH";"2015";"46";"Sexo, edad y TTHH";"15-19 años";"Expectativa de emancipación truncada";"Expectativa de emancipación truncada";"";""
"Expectativa de emancipación truncada, según sexo, grupos de edad y TTHH";"2015";"49";"Sexo, edad y TTHH";"Mujeres";"Expectativa de emancipación truncada";"Expectativa de emancipación truncada";"";""
"Expectativa de emancipación truncada, según sexo, grupos de edad y TTHH";"2015";"49";"Sexo, edad y TTHH";"Hombres";"Expectativa de emancipación truncada";"Expectativa de emancipación truncada";"";""
"Expectativa de emancipación truncada, según sexo, grupos de edad y TTHH";"2014";"48";"Sexo, edad y TTHH";"Total";"Expectativa de emancipación truncada";"Expectativa de emancipación truncada";"";""
"Expectativa de emancipación truncada, según sexo, grupos de edad y TTHH";"2014";"42";"Sexo, edad y TTHH";"Gipuzkoa";"Expectativa de emancipación truncada";"Expectativa de emancipación truncada";"";""
"Expectativa de emancipación truncada, según sexo, grupos de edad y TTHH";"2014";"52";"Sexo, edad y TTHH";"Bizkaia";"Expectativa de emancipación truncada";"Expectativa de emancipación truncada";"";""
"Expectativa de emancipación truncada, según sexo, grupos de edad y TTHH";"2014";"46";"Sexo, edad y TTHH";"Álava";"Expectativa de emancipación truncada";"Expectativa de emancipación truncada";"";""
"Expectativa de emancipación truncada, según sexo, grupos de edad y TTHH";"2014";"36";"Sexo, edad y TTHH";"25-29 años";"Expectativa de emancipación truncada";"Expectativa de emancipación truncada";"";""
"Expectativa de emancipación truncada, según sexo, grupos de edad y TTHH";"2014";"58";"Sexo, edad y TTHH";"20-24 años";"Expectativa de emancipación truncada";"Expectativa de emancipación truncada";"";""
"Expectativa de emancipación truncada, según sexo, grupos de edad y TTHH";"2014";"52";"Sexo, edad y TTHH";"15-19 años";"Expectativa de emancipación truncada";"Expectativa de emancipación truncada";"";""
"Expectativa de emancipación truncada, según sexo, grupos de edad y TTHH";"2014";"47";"Sexo, edad y TTHH";"Mujeres";"Expectativa de emancipación truncada";"Expectativa de emancipación truncada";"";""
"Expectativa de emancipación truncada, según sexo, grupos de edad y TTHH";"2014";"49";"Sexo, edad y TTHH";"Hombres";"Expectativa de emancipación truncada";"Expectativa de emancipación truncada";"";""
"Expectativa de emancipación truncada, según sexo, grupos de edad y TTHH";"2013";"45";"Sexo, edad y TTHH";"Total";"Expectativa de emancipación truncada";"Expectativa de emancipación truncada";"";""
"Expectativa de emancipación truncada, según sexo, grupos de edad y TTHH";"2013";"41";"Sexo, edad y TTHH";"Gipuzkoa";"Expectativa de emancipación truncada";"Expectativa de emancipación truncada";"";""
"Expectativa de emancipación truncada, según sexo, grupos de edad y TTHH";"2013";"50";"Sexo, edad y TTHH";"Bizkaia";"Expectativa de emancipación truncada";"Expectativa de emancipación truncada";"";""
"Expectativa de emancipación truncada, según sexo, grupos de edad y TTHH";"2013";"40";"Sexo, edad y TTHH";"Álava";"Expectativa de emancipación truncada";"Expectativa de emancipación truncada";"";""
"Expectativa de emancipación truncada, según sexo, grupos de edad y TTHH";"2013";"32";"Sexo, edad y TTHH";"25-29 años";"Expectativa de emancipación truncada";"Expectativa de emancipación truncada";"";""
"Expectativa de emancipación truncada, según sexo, grupos de edad y TTHH";"2013";"61";"Sexo, edad y TTHH";"20-24 años";"Expectativa de emancipación truncada";"Expectativa de emancipación truncada";"";""
"Expectativa de emancipación truncada, según sexo, grupos de edad y TTHH";"2013";"46";"Sexo, edad y TTHH";"15-19 años";"Expectativa de emancipación truncada";"Expectativa de emancipación truncada";"";""
"Expectativa de emancipación truncada, según sexo, grupos de edad y TTHH";"2013";"45";"Sexo, edad y TTHH";"Mujeres";"Expectativa de emancipación truncada";"Expectativa de emancipación truncada";"";""
"Expectativa de emancipación truncada, según sexo, grupos de edad y TTHH";"2013";"45";"Sexo, edad y TTHH";"Hombres";"Expectativa de emancipación truncada";"Expectativa de emancipación truncada";"";""
"Jóvenes con necesidad de acceso a una vivienda, según sexo y grupos de edad";"2023";"58289";"Sexo y edad 18-34";"Total";"";"";"";""
"Jóvenes con necesidad de acceso a una vivienda, según sexo y grupos de edad";"2023";"37443";"Sexo y edad 18-34";"25-34 años";"";"";"";""
"Jóvenes con necesidad de acceso a una vivienda, según sexo y grupos de edad";"2023";"20846";"Sexo y edad 18-34";"18-24 años";"";"";"";""
"Jóvenes con necesidad de acceso a una vivienda, según sexo y grupos de edad";"2023";"33315";"Sexo y edad 18-34";"Hombres";"";"";"";""
"Jóvenes con necesidad de acceso a una vivienda, según sexo y grupos de edad";"2023";"24974";"Sexo y edad 18-34";"Mujeres";"";"";"";""
"Jóvenes con necesidad de acceso a una vivienda, según sexo y grupos de edad";"2021";"52061";"Sexo y edad 18-34";"Total";"";"";"";""
"Jóvenes con necesidad de acceso a una vivienda, según sexo y grupos de edad";"2021";"34685";"Sexo y edad 18-34";"25-34 años";"";"";"";""
"Jóvenes con necesidad de acceso a una vivienda, según sexo y grupos de edad";"2021";"17376";"Sexo y edad 18-34";"18-24 años";"";"";"";""
"Jóvenes con necesidad de acceso a una vivienda, según sexo y grupos de edad";"2021";"26777";"Sexo y edad 18-34";"Hombres";"";"";"";""
"Jóvenes con necesidad de acceso a una vivienda, según sexo y grupos de edad";"2021";"25284";"Sexo y edad 18-34";"Mujeres";"";"";"";""
"Jóvenes con necesidad de acceso a una vivienda, según sexo y grupos de edad";"2019";"48233";"Sexo y edad 18-34";"Total";"";"";"";""
"Jóvenes con necesidad de acceso a una vivienda, según sexo y grupos de edad";"2019";"37697";"Sexo y edad 18-34";"25-34 años";"";"";"";""
"Jóvenes con necesidad de acceso a una vivienda, según sexo y grupos de edad";"2019";"10536";"Sexo y edad 18-34";"18-24 años";"";"";"";""
"Jóvenes con necesidad de acceso a una vivienda, según sexo y grupos de edad";"2019";"24691";"Sexo y edad 18-34";"Hombres";"";"";"";""
"Jóvenes con necesidad de acceso a una vivienda, según sexo y grupos de edad";"2019";"23542";"Sexo y edad 18-34";"Mujeres";"";"";"";""
"Jóvenes con necesidad de acceso a una vivienda, según sexo y grupos de edad";"2017";"48601";"Sexo y edad 18-34";"Total";"";"";"";""
"Jóvenes con necesidad de acceso a una vivienda, según sexo y grupos de edad";"2017";"38944";"Sexo y edad 18-34";"25-34 años";"";"";"";""
"Jóvenes con necesidad de acceso a una vivienda, según sexo y grupos de edad";"2017";"9657";"Sexo y edad 18-34";"18-24 años";"";"";"";""
"Jóvenes con necesidad de acceso a una vivienda, según sexo y grupos de edad";"2017";"24833";"Sexo y edad 18-34";"Hombres";"";"";"";""
"Jóvenes con necesidad de acceso a una vivienda, según sexo y grupos de edad";"2017";"23768";"Sexo y edad 18-34";"Mujeres";"";"";"";""
"Jóvenes con necesidad de acceso a una vivienda, según sexo y grupos de edad";"2015";"58380";"Sexo y edad 18-34";"Total";"";"";"";""
"Jóvenes con necesidad de acceso a una vivienda, según sexo y grupos de edad";"2015";"49687";"Sexo y edad 18-34";"25-34 años";"";"";"";""
"Jóvenes con necesidad de acceso a una vivienda, según sexo y grupos de edad";"2015";"8693";"Sexo y edad 18-34";"18-24 años";"";"";"";""
"Jóvenes con necesidad de acceso a una vivienda, según sexo y grupos de edad";"2015";"32129";"Sexo y edad 18-34";"Hombres";"";"";"";""
"Jóvenes con necesidad de acceso a una vivienda, según sexo y grupos de edad";"2015";"26251";"Sexo y edad 18-34";"Mujeres";"";"";"";""
"Percepción de la carestía de la vivienda como dificultad para la emancipación, según sexo, grupos de edad y TTHH";"2026";"85.5";"Sexo, 2grupos de edad, TTHH";"Total";"Percepción de la carestía de la vivienda";"Percepción de la carestía de la vivienda";"";""
"Percepción de la carestía de la vivienda como dificultad para la emancipación, según sexo, grupos de edad y TTHH";"2026";"85.4";"Sexo, 2grupos de edad, TTHH";"Gipuzkoa";"Percepción de la carestía de la vivienda";"Percepción de la carestía de la vivienda";"";""
"Percepción de la carestía de la vivienda como dificultad para la emancipación, según sexo, grupos de edad y TTHH";"2026";"85.4";"Sexo, 2grupos de edad, TTHH";"Bizkaia";"Percepción de la carestía de la vivienda";"Percepción de la carestía de la vivienda";"";""
"Percepción de la carestía de la vivienda como dificultad para la emancipación, según sexo, grupos de edad y TTHH";"2026";"85.2";"Sexo, 2grupos de edad, TTHH";"Álava";"Percepción de la carestía de la vivienda";"Percepción de la carestía de la vivienda";"";""
"Percepción de la carestía de la vivienda como dificultad para la emancipación, según sexo, grupos de edad y TTHH";"2026";"91.8";"Sexo, 2grupos de edad, TTHH";"25-29 años";"Percepción de la carestía de la vivienda";"Percepción de la carestía de la vivienda";"";""
"Percepción de la carestía de la vivienda como dificultad para la emancipación, según sexo, grupos de edad y TTHH";"2026";"85.3";"Sexo, 2grupos de edad, TTHH";"18-24 años";"Percepción de la carestía de la vivienda";"Percepción de la carestía de la vivienda";"";""
"Percepción de la carestía de la vivienda como dificultad para la emancipación, según sexo, grupos de edad y TTHH";"2026";"87.7";"Sexo, 2grupos de edad, TTHH";"Mujeres";"Percepción de la carestía de la vivienda";"Percepción de la carestía de la vivienda";"";""
"Percepción de la carestía de la vivienda como dificultad para la emancipación, según sexo, grupos de edad y TTHH";"2026";"83.3";"Sexo, 2grupos de edad, TTHH";"Hombres";"Percepción de la carestía de la vivienda";"Percepción de la carestía de la vivienda";"";""
"Percepción de la carestía de la vivienda como dificultad para la emancipación, según sexo, grupos de edad y TTHH";"2024";"82.4";"Sexo, 2grupos de edad, TTHH";"Total";"Percepción de la carestía de la vivienda";"Percepción de la carestía de la vivienda";"";""
"Percepción de la carestía de la vivienda como dificultad para la emancipación, según sexo, grupos de edad y TTHH";"2024";"80.6";"Sexo, 2grupos de edad, TTHH";"Gipuzkoa";"Percepción de la carestía de la vivienda";"Percepción de la carestía de la vivienda";"";""
"Percepción de la carestía de la vivienda como dificultad para la emancipación, según sexo, grupos de edad y TTHH";"2024";"83.9";"Sexo, 2grupos de edad, TTHH";"Bizkaia";"Percepción de la carestía de la vivienda";"Percepción de la carestía de la vivienda";"";""
"Percepción de la carestía de la vivienda como dificultad para la emancipación, según sexo, grupos de edad y TTHH";"2024";"80.7";"Sexo, 2grupos de edad, TTHH";"Álava";"Percepción de la carestía de la vivienda";"Percepción de la carestía de la vivienda";"";""
"Percepción de la carestía de la vivienda como dificultad para la emancipación, según sexo, grupos de edad y TTHH";"2024";"92.9";"Sexo, 2grupos de edad, TTHH";"25-29 años";"Percepción de la carestía de la vivienda";"Percepción de la carestía de la vivienda";"";""
"Percepción de la carestía de la vivienda como dificultad para la emancipación, según sexo, grupos de edad y TTHH";"2024";"77.9";"Sexo, 2grupos de edad, TTHH";"18-24 años";"Percepción de la carestía de la vivienda";"Percepción de la carestía de la vivienda";"";""
"Percepción de la carestía de la vivienda como dificultad para la emancipación, según sexo, grupos de edad y TTHH";"2024";"85.8";"Sexo, 2grupos de edad, TTHH";"Mujeres";"Percepción de la carestía de la vivienda";"Percepción de la carestía de la vivienda";"";""
"Percepción de la carestía de la vivienda como dificultad para la emancipación, según sexo, grupos de edad y TTHH";"2024";"79.6";"Sexo, 2grupos de edad, TTHH";"Hombres";"Percepción de la carestía de la vivienda";"Percepción de la carestía de la vivienda";"";""
"Percepción de la carestía de la vivienda como dificultad para la emancipación, según sexo, grupos de edad y TTHH";"2022";"71.9";"Sexo, 2grupos de edad, TTHH";"Total";"Percepción de la carestía de la vivienda";"Percepción de la carestía de la vivienda";"";""
"Percepción de la carestía de la vivienda como dificultad para la emancipación, según sexo, grupos de edad y TTHH";"2022";"74.1";"Sexo, 2grupos de edad, TTHH";"Gipuzkoa";"Percepción de la carestía de la vivienda";"Percepción de la carestía de la vivienda";"";""
"Percepción de la carestía de la vivienda como dificultad para la emancipación, según sexo, grupos de edad y TTHH";"2022";"71";"Sexo, 2grupos de edad, TTHH";"Bizkaia";"Percepción de la carestía de la vivienda";"Percepción de la carestía de la vivienda";"";""
"Percepción de la carestía de la vivienda como dificultad para la emancipación, según sexo, grupos de edad y TTHH";"2022";"70.1";"Sexo, 2grupos de edad, TTHH";"Álava";"Percepción de la carestía de la vivienda";"Percepción de la carestía de la vivienda";"";""
"Percepción de la carestía de la vivienda como dificultad para la emancipación, según sexo, grupos de edad y TTHH";"2022";"77.4";"Sexo, 2grupos de edad, TTHH";"25-29 años";"Percepción de la carestía de la vivienda";"Percepción de la carestía de la vivienda";"";""
"Percepción de la carestía de la vivienda como dificultad para la emancipación, según sexo, grupos de edad y TTHH";"2022";"69.4";"Sexo, 2grupos de edad, TTHH";"18-24 años";"Percepción de la carestía de la vivienda";"Percepción de la carestía de la vivienda";"";""
"Percepción de la carestía de la vivienda como dificultad para la emancipación, según sexo, grupos de edad y TTHH";"2022";"72.4";"Sexo, 2grupos de edad, TTHH";"Mujeres";"Percepción de la carestía de la vivienda";"Percepción de la carestía de la vivienda";"";""
"Percepción de la carestía de la vivienda como dificultad para la emancipación, según sexo, grupos de edad y TTHH";"2022";"71.5";"Sexo, 2grupos de edad, TTHH";"Hombres";"Percepción de la carestía de la vivienda";"Percepción de la carestía de la vivienda";"";""
"Percepción de la carestía de la vivienda como dificultad para la emancipación, según sexo, grupos de edad y TTHH";"2020";"66.2";"Sexo, 2grupos de edad, TTHH";"Total";"Percepción de la carestía de la vivienda";"Percepción de la carestía de la vivienda";"";""
"Percepción de la carestía de la vivienda como dificultad para la emancipación, según sexo, grupos de edad y TTHH";"2020";"65.5";"Sexo, 2grupos de edad, TTHH";"Gipuzkoa";"Percepción de la carestía de la vivienda";"Percepción de la carestía de la vivienda";"";""
"Percepción de la carestía de la vivienda como dificultad para la emancipación, según sexo, grupos de edad y TTHH";"2020";"65.9";"Sexo, 2grupos de edad, TTHH";"Bizkaia";"Percepción de la carestía de la vivienda";"Percepción de la carestía de la vivienda";"";""
"Percepción de la carestía de la vivienda como dificultad para la emancipación, según sexo, grupos de edad y TTHH";"2020";"68.6";"Sexo, 2grupos de edad, TTHH";"Álava";"Percepción de la carestía de la vivienda";"Percepción de la carestía de la vivienda";"";""
"Percepción de la carestía de la vivienda como dificultad para la emancipación, según sexo, grupos de edad y TTHH";"2020";"83.8";"Sexo, 2grupos de edad, TTHH";"25-29 años";"Percepción de la carestía de la vivienda";"Percepción de la carestía de la vivienda";"";""
"Percepción de la carestía de la vivienda como dificultad para la emancipación, según sexo, grupos de edad y TTHH";"2020";"56";"Sexo, 2grupos de edad, TTHH";"18-24 años";"Percepción de la carestía de la vivienda";"Percepción de la carestía de la vivienda";"";""
"Percepción de la carestía de la vivienda como dificultad para la emancipación, según sexo, grupos de edad y TTHH";"2020";"72";"Sexo, 2grupos de edad, TTHH";"Mujeres";"Percepción de la carestía de la vivienda";"Percepción de la carestía de la vivienda";"";""
"Percepción de la carestía de la vivienda como dificultad para la emancipación, según sexo, grupos de edad y TTHH";"2020";"60.9";"Sexo, 2grupos de edad, TTHH";"Hombres";"Percepción de la carestía de la vivienda";"Percepción de la carestía de la vivienda";"";""
"Percepción de la carestía de la vivienda como dificultad para la emancipación, según sexo, grupos de edad y TTHH";"2017";"68.6";"Sexo, 2grupos de edad, TTHH";"Total";"Percepción de la carestía de la vivienda";"Percepción de la carestía de la vivienda";"";""
"Percepción de la carestía de la vivienda como dificultad para la emancipación, según sexo, grupos de edad y TTHH";"2017";"61.5";"Sexo, 2grupos de edad, TTHH";"Gipuzkoa";"Percepción de la carestía de la vivienda";"Percepción de la carestía de la vivienda";"";""
"Percepción de la carestía de la vivienda como dificultad para la emancipación, según sexo, grupos de edad y TTHH";"2017";"72.6";"Sexo, 2grupos de edad, TTHH";"Bizkaia";"Percepción de la carestía de la vivienda";"Percepción de la carestía de la vivienda";"";""
"Percepción de la carestía de la vivienda como dificultad para la emancipación, según sexo, grupos de edad y TTHH";"2017";"69.7";"Sexo, 2grupos de edad, TTHH";"Álava";"Percepción de la carestía de la vivienda";"Percepción de la carestía de la vivienda";"";""
"Percepción de la carestía de la vivienda como dificultad para la emancipación, según sexo, grupos de edad y TTHH";"2017";"81.8";"Sexo, 2grupos de edad, TTHH";"25-29 años";"Percepción de la carestía de la vivienda";"Percepción de la carestía de la vivienda";"";""
"Percepción de la carestía de la vivienda como dificultad para la emancipación, según sexo, grupos de edad y TTHH";"2017";"62.4";"Sexo, 2grupos de edad, TTHH";"18-24 años";"Percepción de la carestía de la vivienda";"Percepción de la carestía de la vivienda";"";""
"Percepción de la carestía de la vivienda como dificultad para la emancipación, según sexo, grupos de edad y TTHH";"2017";"71.5";"Sexo, 2grupos de edad, TTHH";"Mujeres";"Percepción de la carestía de la vivienda";"Percepción de la carestía de la vivienda";"";""
"Percepción de la carestía de la vivienda como dificultad para la emancipación, según sexo, grupos de edad y TTHH";"2017";"66";"Sexo, 2grupos de edad, TTHH";"Hombres";"Percepción de la carestía de la vivienda";"Percepción de la carestía de la vivienda";"";""
"Percepción de la carestía de la vivienda como dificultad para la emancipación, según sexo, grupos de edad y TTHH";"2015";"77.5";"Sexo, 2grupos de edad, TTHH";"Total";"Percepción de la carestía de la vivienda";"Percepción de la carestía de la vivienda";"";""
"Percepción de la carestía de la vivienda como dificultad para la emancipación, según sexo, grupos de edad y TTHH";"2015";"81";"Sexo, 2grupos de edad, TTHH";"Gipuzkoa";"Percepción de la carestía de la vivienda";"Percepción de la carestía de la vivienda";"";""
"Percepción de la carestía de la vivienda como dificultad para la emancipación, según sexo, grupos de edad y TTHH";"2015";"78.6";"Sexo, 2grupos de edad, TTHH";"Bizkaia";"Percepción de la carestía de la vivienda";"Percepción de la carestía de la vivienda";"";""
"Percepción de la carestía de la vivienda como dificultad para la emancipación, según sexo, grupos de edad y TTHH";"2015";"66.3";"Sexo, 2grupos de edad, TTHH";"Álava";"Percepción de la carestía de la vivienda";"Percepción de la carestía de la vivienda";"";""
"Percepción de la carestía de la vivienda como dificultad para la emancipación, según sexo, grupos de edad y TTHH";"2015";"84.4";"Sexo, 2grupos de edad, TTHH";"25-29 años";"Percepción de la carestía de la vivienda";"Percepción de la carestía de la vivienda";"";""
"Percepción de la carestía de la vivienda como dificultad para la emancipación, según sexo, grupos de edad y TTHH";"2015";"73.3";"Sexo, 2grupos de edad, TTHH";"18-24 años";"Percepción de la carestía de la vivienda";"Percepción de la carestía de la vivienda";"";""
"Percepción de la carestía de la vivienda como dificultad para la emancipación, según sexo, grupos de edad y TTHH";"2015";"80.3";"Sexo, 2grupos de edad, TTHH";"Mujeres";"Percepción de la carestía de la vivienda";"Percepción de la carestía de la vivienda";"";""
"Percepción de la carestía de la vivienda como dificultad para la emancipación, según sexo, grupos de edad y TTHH";"2015";"75.3";"Sexo, 2grupos de edad, TTHH";"Hombres";"Percepción de la carestía de la vivienda";"Percepción de la carestía de la vivienda";"";""
"Percepción de la carestía de la vivienda como dificultad para la emancipación, según sexo, grupos de edad y TTHH";"2013";"80";"Sexo, 2grupos de edad, TTHH";"Total";"Percepción de la carestía de la vivienda";"Percepción de la carestía de la vivienda";"";""
"Percepción de la carestía de la vivienda como dificultad para la emancipación, según sexo, grupos de edad y TTHH";"2013";"80.5";"Sexo, 2grupos de edad, TTHH";"Gipuzkoa";"Percepción de la carestía de la vivienda";"Percepción de la carestía de la vivienda";"";""
"Percepción de la carestía de la vivienda como dificultad para la emancipación, según sexo, grupos de edad y TTHH";"2013";"81.1";"Sexo, 2grupos de edad, TTHH";"Bizkaia";"Percepción de la carestía de la vivienda";"Percepción de la carestía de la vivienda";"";""
"Percepción de la carestía de la vivienda como dificultad para la emancipación, según sexo, grupos de edad y TTHH";"2013";"75.4";"Sexo, 2grupos de edad, TTHH";"Álava";"Percepción de la carestía de la vivienda";"Percepción de la carestía de la vivienda";"";""
"Percepción de la carestía de la vivienda como dificultad para la emancipación, según sexo, grupos de edad y TTHH";"2013";"86.8";"Sexo, 2grupos de edad, TTHH";"25-29 años";"Percepción de la carestía de la vivienda";"Percepción de la carestía de la vivienda";"";""
"Percepción de la carestía de la vivienda como dificultad para la emancipación, según sexo, grupos de edad y TTHH";"2013";"76.2";"Sexo, 2grupos de edad, TTHH";"18-24 años";"Percepción de la carestía de la vivienda";"Percepción de la carestía de la vivienda";"";""
"Percepción de la carestía de la vivienda como dificultad para la emancipación, según sexo, grupos de edad y TTHH";"2013";"81.6";"Sexo, 2grupos de edad, TTHH";"Mujeres";"Percepción de la carestía de la vivienda";"Percepción de la carestía de la vivienda";"";""
"Percepción de la carestía de la vivienda como dificultad para la emancipación, según sexo, grupos de edad y TTHH";"2013";"78.8";"Sexo, 2grupos de edad, TTHH";"Hombres";"Percepción de la carestía de la vivienda";"Percepción de la carestía de la vivienda";"";""
"Percepción de la carestía de la vivienda como dificultad para la emancipación, según sexo, grupos de edad y TTHH";"2011";"81.8";"Sexo, 2grupos de edad, TTHH";"Total";"Percepción de la carestía de la vivienda";"Percepción de la carestía de la vivienda";"";""
"Percepción de la carestía de la vivienda como dificultad para la emancipación, según sexo, grupos de edad y TTHH";"2011";"89.3";"Sexo, 2grupos de edad, TTHH";"Gipuzkoa";"Percepción de la carestía de la vivienda";"Percepción de la carestía de la vivienda";"";""
"Percepción de la carestía de la vivienda como dificultad para la emancipación, según sexo, grupos de edad y TTHH";"2011";"78.2";"Sexo, 2grupos de edad, TTHH";"Bizkaia";"Percepción de la carestía de la vivienda";"Percepción de la carestía de la vivienda";"";""
"Percepción de la carestía de la vivienda como dificultad para la emancipación, según sexo, grupos de edad y TTHH";"2011";"80.7";"Sexo, 2grupos de edad, TTHH";"Álava";"Percepción de la carestía de la vivienda";"Percepción de la carestía de la vivienda";"";""
"Percepción de la carestía de la vivienda como dificultad para la emancipación, según sexo, grupos de edad y TTHH";"2011";"81";"Sexo, 2grupos de edad, TTHH";"25-29 años";"Percepción de la carestía de la vivienda";"Percepción de la carestía de la vivienda";"";""
"Percepción de la carestía de la vivienda como dificultad para la emancipación, según sexo, grupos de edad y TTHH";"2011";"82.3";"Sexo, 2grupos de edad, TTHH";"18-24 años";"Percepción de la carestía de la vivienda";"Percepción de la carestía de la vivienda";"";""
"Percepción de la carestía de la vivienda como dificultad para la emancipación, según sexo, grupos de edad y TTHH";"2011";"82.4";"Sexo, 2grupos de edad, TTHH";"Mujeres";"Percepción de la carestía de la vivienda";"Percepción de la carestía de la vivienda";"";""
"Percepción de la carestía de la vivienda como dificultad para la emancipación, según sexo, grupos de edad y TTHH";"2011";"81.3";"Sexo, 2grupos de edad, TTHH";"Hombres";"Percepción de la carestía de la vivienda";"Percepción de la carestía de la vivienda";"";""
"Porcentaje de jóvenes de 18 a 34 años inscritos en Etxebide";"2021";"8.8";"Sexo";"Total";"Grupos de edad";"18-34 años";"";""
"Porcentaje de jóvenes de 18 a 34 años inscritos en Etxebide";"2021";"15.1";"Sexo";"Mujeres";"Grupos de edad";"30-34 años";"";""
"Porcentaje de jóvenes de 18 a 34 años inscritos en Etxebide";"2021";"14.5";"Sexo";"Mujeres";"Grupos de edad";"25-29 años";"";""
"Porcentaje de jóvenes de 18 a 34 años inscritos en Etxebide";"2021";"3.3";"Sexo";"Mujeres";"Grupos de edad";"18-24 años";"";""
"Porcentaje de jóvenes de 18 a 34 años inscritos en Etxebide";"2021";"10.3";"Sexo";"Mujeres";"Grupos de edad";"18-34 años";"";""
"Porcentaje de jóvenes de 18 a 34 años inscritos en Etxebide";"2021";"12";"Sexo";"Hombres";"Grupos de edad";"30-34 años";"";""
"Porcentaje de jóvenes de 18 a 34 años inscritos en Etxebide";"2021";"10.4";"Sexo";"Hombres";"Grupos de edad";"25-29 años";"";""
"Porcentaje de jóvenes de 18 a 34 años inscritos en Etxebide";"2021";"1.8";"Sexo";"Hombres";"Grupos de edad";"18-24 años";"";""
"Porcentaje de jóvenes de 18 a 34 años inscritos en Etxebide";"2021";"7.4";"Sexo";"Hombres";"Grupos de edad";"18-34 años";"";""
"Porcentaje de jóvenes de 18 a 34 años inscritos en Etxebide";"2021";"13.6";"Sexo";"Total";"Grupos de edad";"30-34 años";"";""
"Porcentaje de jóvenes de 18 a 34 años inscritos en Etxebide";"2021";"12.4";"Sexo";"Total";"Grupos de edad";"25-29 años";"";""
"Porcentaje de jóvenes de 18 a 34 años inscritos en Etxebide";"2021";"2.6";"Sexo";"Total";"Grupos de edad";"18-24 años";"";""
"Porcentaje de jóvenes de 18 a 34 años inscritos en Etxebide";"2020";"9";"Sexo";"Total";"Grupos de edad";"18-34 años";"";""
"Porcentaje de jóvenes de 18 a 34 años inscritos en Etxebide";"2020";"14.9";"Sexo";"Mujeres";"Grupos de edad";"30-34 años";"";""
"Porcentaje de jóvenes de 18 a 34 años inscritos en Etxebide";"2020";"14.4";"Sexo";"Mujeres";"Grupos de edad";"25-29 años";"";""
"Porcentaje de jóvenes de 18 a 34 años inscritos en Etxebide";"2020";"3.5";"Sexo";"Mujeres";"Grupos de edad";"18-24 años";"";""
"Porcentaje de jóvenes de 18 a 34 años inscritos en Etxebide";"2020";"10.4";"Sexo";"Mujeres";"Grupos de edad";"18-34 años";"";""
"Porcentaje de jóvenes de 18 a 34 años inscritos en Etxebide";"2020";"11.9";"Sexo";"Hombres";"Grupos de edad";"30-34 años";"";""
"Porcentaje de jóvenes de 18 a 34 años inscritos en Etxebide";"2020";"10.6";"Sexo";"Hombres";"Grupos de edad";"25-29 años";"";""
"Porcentaje de jóvenes de 18 a 34 años inscritos en Etxebide";"2020";"1.8";"Sexo";"Hombres";"Grupos de edad";"18-24 años";"";""
"Porcentaje de jóvenes de 18 a 34 años inscritos en Etxebide";"2020";"7.6";"Sexo";"Hombres";"Grupos de edad";"18-34 años";"";""
"Porcentaje de jóvenes de 18 a 34 años inscritos en Etxebide";"2020";"13.4";"Sexo";"Total";"Grupos de edad";"30-34 años";"";""
"Porcentaje de jóvenes de 18 a 34 años inscritos en Etxebide";"2020";"12.5";"Sexo";"Total";"Grupos de edad";"25-29 años";"";""
"Porcentaje de jóvenes de 18 a 34 años inscritos en Etxebide";"2020";"2.7";"Sexo";"Total";"Grupos de edad";"18-24 años";"";""
"Porcentaje de jóvenes de 18 a 34 años inscritos en Etxebide";"2019";"8.4";"Sexo";"Total";"Grupos de edad";"18-34 años";"";""
"Porcentaje de jóvenes de 18 a 34 años inscritos en Etxebide";"2019";"13.6";"Sexo";"Mujeres";"Grupos de edad";"30-34 años";"";""
"Porcentaje de jóvenes de 18 a 34 años inscritos en Etxebide";"2019";"13.3";"Sexo";"Mujeres";"Grupos de edad";"25-29 años";"";""
"Porcentaje de jóvenes de 18 a 34 años inscritos en Etxebide";"2019";"3.4";"Sexo";"Mujeres";"Grupos de edad";"18-24 años";"";""
"Porcentaje de jóvenes de 18 a 34 años inscritos en Etxebide";"2019";"9.7";"Sexo";"Mujeres";"Grupos de edad";"18-34 años";"";""
"Porcentaje de jóvenes de 18 a 34 años inscritos en Etxebide";"2019";"10.8";"Sexo";"Hombres";"Grupos de edad";"30-34 años";"";""
"Porcentaje de jóvenes de 18 a 34 años inscritos en Etxebide";"2019";"10.2";"Sexo";"Hombres";"Grupos de edad";"25-29 años";"";""
"Porcentaje de jóvenes de 18 a 34 años inscritos en Etxebide";"2019";"1.6";"Sexo";"Hombres";"Grupos de edad";"18-24 años";"";""
"Porcentaje de jóvenes de 18 a 34 años inscritos en Etxebide";"2019";"7.1";"Sexo";"Hombres";"Grupos de edad";"18-34 años";"";""
"Porcentaje de jóvenes de 18 a 34 años inscritos en Etxebide";"2019";"12.2";"Sexo";"Total";"Grupos de edad";"30-34 años";"";""
"Porcentaje de jóvenes de 18 a 34 años inscritos en Etxebide";"2019";"11.7";"Sexo";"Total";"Grupos de edad";"25-29 años";"";""
"Porcentaje de jóvenes de 18 a 34 años inscritos en Etxebide";"2019";"2.5";"Sexo";"Total";"Grupos de edad";"18-24 años";"";""
"Preferencia de la vivienda en alquiler sobre la compra, según sexo, grupos de edad y TTHH";"2026";"5.6";"Sexo, 2grupos de edad, TTHH";"Total";"Preferencia alquiler sobre compra";"Preferencia alquiler sobre compra";"";""
"Preferencia de la vivienda en alquiler sobre la compra, según sexo, grupos de edad y TTHH";"2026";"6.4";"Sexo, 2grupos de edad, TTHH";"Gipuzkoa";"Preferencia alquiler sobre compra";"Preferencia alquiler sobre compra";"";""
"Preferencia de la vivienda en alquiler sobre la compra, según sexo, grupos de edad y TTHH";"2026";"4.5";"Sexo, 2grupos de edad, TTHH";"Bizkaia";"Preferencia alquiler sobre compra";"Preferencia alquiler sobre compra";"";""
"Preferencia de la vivienda en alquiler sobre la compra, según sexo, grupos de edad y TTHH";"2026";"7";"Sexo, 2grupos de edad, TTHH";"Álava";"Preferencia alquiler sobre compra";"Preferencia alquiler sobre compra";"";""
"Preferencia de la vivienda en alquiler sobre la compra, según sexo, grupos de edad y TTHH";"2026";"1.8";"Sexo, 2grupos de edad, TTHH";"25-29 años";"Preferencia alquiler sobre compra";"Preferencia alquiler sobre compra";"";""
"Preferencia de la vivienda en alquiler sobre la compra, según sexo, grupos de edad y TTHH";"2026";"6.3";"Sexo, 2grupos de edad, TTHH";"18-24 años";"Preferencia alquiler sobre compra";"Preferencia alquiler sobre compra";"";""
"Preferencia de la vivienda en alquiler sobre la compra, según sexo, grupos de edad y TTHH";"2026";"5.3";"Sexo, 2grupos de edad, TTHH";"Mujeres";"Preferencia alquiler sobre compra";"Preferencia alquiler sobre compra";"";""
"Preferencia de la vivienda en alquiler sobre la compra, según sexo, grupos de edad y TTHH";"2026";"5.8";"Sexo, 2grupos de edad, TTHH";"Hombres";"Preferencia alquiler sobre compra";"Preferencia alquiler sobre compra";"";""
"Preferencia de la vivienda en alquiler sobre la compra, según sexo, grupos de edad y TTHH";"2024";"11.9";"Sexo, 2grupos de edad, TTHH";"Total";"Preferencia alquiler sobre compra";"Preferencia alquiler sobre compra";"";""
"Preferencia de la vivienda en alquiler sobre la compra, según sexo, grupos de edad y TTHH";"2024";"10.7";"Sexo, 2grupos de edad, TTHH";"Gipuzkoa";"Preferencia alquiler sobre compra";"Preferencia alquiler sobre compra";"";""
"Preferencia de la vivienda en alquiler sobre la compra, según sexo, grupos de edad y TTHH";"2024";"13.2";"Sexo, 2grupos de edad, TTHH";"Bizkaia";"Preferencia alquiler sobre compra";"Preferencia alquiler sobre compra";"";""
"Preferencia de la vivienda en alquiler sobre la compra, según sexo, grupos de edad y TTHH";"2024";"9.8";"Sexo, 2grupos de edad, TTHH";"Álava";"Preferencia alquiler sobre compra";"Preferencia alquiler sobre compra";"";""
"Preferencia de la vivienda en alquiler sobre la compra, según sexo, grupos de edad y TTHH";"2024";"9.5";"Sexo, 2grupos de edad, TTHH";"25-29 años";"Preferencia alquiler sobre compra";"Preferencia alquiler sobre compra";"";""
"Preferencia de la vivienda en alquiler sobre la compra, según sexo, grupos de edad y TTHH";"2024";"12.9";"Sexo, 2grupos de edad, TTHH";"18-24 años";"Preferencia alquiler sobre compra";"Preferencia alquiler sobre compra";"";""
"Preferencia de la vivienda en alquiler sobre la compra, según sexo, grupos de edad y TTHH";"2024";"13.7";"Sexo, 2grupos de edad, TTHH";"Mujeres";"Preferencia alquiler sobre compra";"Preferencia alquiler sobre compra";"";""
"Preferencia de la vivienda en alquiler sobre la compra, según sexo, grupos de edad y TTHH";"2024";"10.4";"Sexo, 2grupos de edad, TTHH";"Hombres";"Preferencia alquiler sobre compra";"Preferencia alquiler sobre compra";"";""
"Preferencia de la vivienda en alquiler sobre la compra, según sexo, grupos de edad y TTHH";"2022";"19.3";"Sexo, 2grupos de edad, TTHH";"Total";"Preferencia alquiler sobre compra";"Preferencia alquiler sobre compra";"";""
"Preferencia de la vivienda en alquiler sobre la compra, según sexo, grupos de edad y TTHH";"2022";"18.6";"Sexo, 2grupos de edad, TTHH";"Gipuzkoa";"Preferencia alquiler sobre compra";"Preferencia alquiler sobre compra";"";""
"Preferencia de la vivienda en alquiler sobre la compra, según sexo, grupos de edad y TTHH";"2022";"18.7";"Sexo, 2grupos de edad, TTHH";"Bizkaia";"Preferencia alquiler sobre compra";"Preferencia alquiler sobre compra";"";""
"Preferencia de la vivienda en alquiler sobre la compra, según sexo, grupos de edad y TTHH";"2022";"23.6";"Sexo, 2grupos de edad, TTHH";"Álava";"Preferencia alquiler sobre compra";"Preferencia alquiler sobre compra";"";""
"Preferencia de la vivienda en alquiler sobre la compra, según sexo, grupos de edad y TTHH";"2022";"12";"Sexo, 2grupos de edad, TTHH";"25-29 años";"Preferencia alquiler sobre compra";"Preferencia alquiler sobre compra";"";""
"Preferencia de la vivienda en alquiler sobre la compra, según sexo, grupos de edad y TTHH";"2022";"22.7";"Sexo, 2grupos de edad, TTHH";"18-24 años";"Preferencia alquiler sobre compra";"Preferencia alquiler sobre compra";"";""
"Preferencia de la vivienda en alquiler sobre la compra, según sexo, grupos de edad y TTHH";"2022";"21.1";"Sexo, 2grupos de edad, TTHH";"Mujeres";"Preferencia alquiler sobre compra";"Preferencia alquiler sobre compra";"";""
"Preferencia de la vivienda en alquiler sobre la compra, según sexo, grupos de edad y TTHH";"2022";"17.9";"Sexo, 2grupos de edad, TTHH";"Hombres";"Preferencia alquiler sobre compra";"Preferencia alquiler sobre compra";"";""
"Preferencia de la vivienda en alquiler sobre la compra, según sexo, grupos de edad y TTHH";"2020";"35.2";"Sexo, 2grupos de edad, TTHH";"Total";"Preferencia alquiler sobre compra";"Preferencia alquiler sobre compra";"";""
"Preferencia de la vivienda en alquiler sobre la compra, según sexo, grupos de edad y TTHH";"2020";"31.6";"Sexo, 2grupos de edad, TTHH";"Gipuzkoa";"Preferencia alquiler sobre compra";"Preferencia alquiler sobre compra";"";""
"Preferencia de la vivienda en alquiler sobre la compra, según sexo, grupos de edad y TTHH";"2020";"36";"Sexo, 2grupos de edad, TTHH";"Bizkaia";"Preferencia alquiler sobre compra";"Preferencia alquiler sobre compra";"";""
"Preferencia de la vivienda en alquiler sobre la compra, según sexo, grupos de edad y TTHH";"2020";"40.2";"Sexo, 2grupos de edad, TTHH";"Álava";"Preferencia alquiler sobre compra";"Preferencia alquiler sobre compra";"";""
"Preferencia de la vivienda en alquiler sobre la compra, según sexo, grupos de edad y TTHH";"2020";"24.4";"Sexo, 2grupos de edad, TTHH";"25-29 años";"Preferencia alquiler sobre compra";"Preferencia alquiler sobre compra";"";""
"Preferencia de la vivienda en alquiler sobre la compra, según sexo, grupos de edad y TTHH";"2020";"41.5";"Sexo, 2grupos de edad, TTHH";"18-24 años";"Preferencia alquiler sobre compra";"Preferencia alquiler sobre compra";"";""
"Preferencia de la vivienda en alquiler sobre la compra, según sexo, grupos de edad y TTHH";"2020";"38.6";"Sexo, 2grupos de edad, TTHH";"Mujeres";"Preferencia alquiler sobre compra";"Preferencia alquiler sobre compra";"";""
"Preferencia de la vivienda en alquiler sobre la compra, según sexo, grupos de edad y TTHH";"2020";"32.1";"Sexo, 2grupos de edad, TTHH";"Hombres";"Preferencia alquiler sobre compra";"Preferencia alquiler sobre compra";"";""
"Preferencia de la vivienda en alquiler sobre la compra, según sexo, grupos de edad y TTHH";"2017";"43.6";"Sexo, 2grupos de edad, TTHH";"Total";"Preferencia alquiler sobre compra";"Preferencia alquiler sobre compra";"";""
"Preferencia de la vivienda en alquiler sobre la compra, según sexo, grupos de edad y TTHH";"2017";"36.7";"Sexo, 2grupos de edad, TTHH";"Gipuzkoa";"Preferencia alquiler sobre compra";"Preferencia alquiler sobre compra";"";""
"Preferencia de la vivienda en alquiler sobre la compra, según sexo, grupos de edad y TTHH";"2017";"56.7";"Sexo, 2grupos de edad, TTHH";"Bizkaia";"Preferencia alquiler sobre compra";"Preferencia alquiler sobre compra";"";""
"Preferencia de la vivienda en alquiler sobre la compra, según sexo, grupos de edad y TTHH";"2017";"45.5";"Sexo, 2grupos de edad, TTHH";"Álava";"Preferencia alquiler sobre compra";"Preferencia alquiler sobre compra";"";""
"Preferencia de la vivienda en alquiler sobre la compra, según sexo, grupos de edad y TTHH";"2017";"38";"Sexo, 2grupos de edad, TTHH";"25-29 años";"Preferencia alquiler sobre compra";"Preferencia alquiler sobre compra";"";""
"Preferencia de la vivienda en alquiler sobre la compra, según sexo, grupos de edad y TTHH";"2017";"46.2";"Sexo, 2grupos de edad, TTHH";"18-24 años";"Preferencia alquiler sobre compra";"Preferencia alquiler sobre compra";"";""
"Preferencia de la vivienda en alquiler sobre la compra, según sexo, grupos de edad y TTHH";"2017";"44.3";"Sexo, 2grupos de edad, TTHH";"Mujeres";"Preferencia alquiler sobre compra";"Preferencia alquiler sobre compra";"";""
"Preferencia de la vivienda en alquiler sobre la compra, según sexo, grupos de edad y TTHH";"2017";"43";"Sexo, 2grupos de edad, TTHH";"Hombres";"Preferencia alquiler sobre compra";"Preferencia alquiler sobre compra";"";""
"Preferencia de la vivienda en alquiler sobre la compra, según sexo, grupos de edad y TTHH";"2015";"58.2";"Sexo, 2grupos de edad, TTHH";"Total";"Preferencia alquiler sobre compra";"Preferencia alquiler sobre compra";"";""
"Preferencia de la vivienda en alquiler sobre la compra, según sexo, grupos de edad y TTHH";"2015";"62.4";"Sexo, 2grupos de edad, TTHH";"Gipuzkoa";"Preferencia alquiler sobre compra";"Preferencia alquiler sobre compra";"";""
"Preferencia de la vivienda en alquiler sobre la compra, según sexo, grupos de edad y TTHH";"2015";"54.6";"Sexo, 2grupos de edad, TTHH";"Bizkaia";"Preferencia alquiler sobre compra";"Preferencia alquiler sobre compra";"";""
"Preferencia de la vivienda en alquiler sobre la compra, según sexo, grupos de edad y TTHH";"2015";"57.9";"Sexo, 2grupos de edad, TTHH";"Álava";"Preferencia alquiler sobre compra";"Preferencia alquiler sobre compra";"";""
"Preferencia de la vivienda en alquiler sobre la compra, según sexo, grupos de edad y TTHH";"2015";"56.4";"Sexo, 2grupos de edad, TTHH";"25-29 años";"Preferencia alquiler sobre compra";"Preferencia alquiler sobre compra";"";""
"Preferencia de la vivienda en alquiler sobre la compra, según sexo, grupos de edad y TTHH";"2015";"59.4";"Sexo, 2grupos de edad, TTHH";"18-24 años";"Preferencia alquiler sobre compra";"Preferencia alquiler sobre compra";"";""
"Preferencia de la vivienda en alquiler sobre la compra, según sexo, grupos de edad y TTHH";"2015";"62.1";"Sexo, 2grupos de edad, TTHH";"Mujeres";"Preferencia alquiler sobre compra";"Preferencia alquiler sobre compra";"";""
"Preferencia de la vivienda en alquiler sobre la compra, según sexo, grupos de edad y TTHH";"2015";"55.2";"Sexo, 2grupos de edad, TTHH";"Hombres";"Preferencia alquiler sobre compra";"Preferencia alquiler sobre compra";"";""
"Preferencia de la vivienda en alquiler sobre la compra, según sexo, grupos de edad y TTHH";"2013";"45.2";"Sexo, 2grupos de edad, TTHH";"Total";"Preferencia alquiler sobre compra";"Preferencia alquiler sobre compra";"";""
"Preferencia de la vivienda en alquiler sobre la compra, según sexo, grupos de edad y TTHH";"2013";"54.5";"Sexo, 2grupos de edad, TTHH";"Gipuzkoa";"Preferencia alquiler sobre compra";"Preferencia alquiler sobre compra";"";""
"Preferencia de la vivienda en alquiler sobre la compra, según sexo, grupos de edad y TTHH";"2013";"41.2";"Sexo, 2grupos de edad, TTHH";"Bizkaia";"Preferencia alquiler sobre compra";"Preferencia alquiler sobre compra";"";""
"Preferencia de la vivienda en alquiler sobre la compra, según sexo, grupos de edad y TTHH";"2013";"41.9";"Sexo, 2grupos de edad, TTHH";"Álava";"Preferencia alquiler sobre compra";"Preferencia alquiler sobre compra";"";""
"Preferencia de la vivienda en alquiler sobre la compra, según sexo, grupos de edad y TTHH";"2013";"42.9";"Sexo, 2grupos de edad, TTHH";"25-29 años";"Preferencia alquiler sobre compra";"Preferencia alquiler sobre compra";"";""
"Preferencia de la vivienda en alquiler sobre la compra, según sexo, grupos de edad y TTHH";"2013";"46.5";"Sexo, 2grupos de edad, TTHH";"18-24 años";"Preferencia alquiler sobre compra";"Preferencia alquiler sobre compra";"";""
"Preferencia de la vivienda en alquiler sobre la compra, según sexo, grupos de edad y TTHH";"2013";"46.9";"Sexo, 2grupos de edad, TTHH";"Mujeres";"Preferencia alquiler sobre compra";"Preferencia alquiler sobre compra";"";""
"Preferencia de la vivienda en alquiler sobre la compra, según sexo, grupos de edad y TTHH";"2013";"44";"Sexo, 2grupos de edad, TTHH";"Hombres";"Preferencia alquiler sobre compra";"Preferencia alquiler sobre compra";"";""
"Preferencia de la vivienda en alquiler sobre la compra, según sexo, grupos de edad y TTHH";"2011";"18.9";"Sexo, 2grupos de edad, TTHH";"Total";"Preferencia alquiler sobre compra";"Preferencia alquiler sobre compra";"";""
"Preferencia de la vivienda en alquiler sobre la compra, según sexo, grupos de edad y TTHH";"2011";"17.3";"Sexo, 2grupos de edad, TTHH";"Gipuzkoa";"Preferencia alquiler sobre compra";"Preferencia alquiler sobre compra";"";""
"Preferencia de la vivienda en alquiler sobre la compra, según sexo, grupos de edad y TTHH";"2011";"18.3";"Sexo, 2grupos de edad, TTHH";"Bizkaia";"Preferencia alquiler sobre compra";"Preferencia alquiler sobre compra";"";""
"Preferencia de la vivienda en alquiler sobre la compra, según sexo, grupos de edad y TTHH";"2011";"24.3";"Sexo, 2grupos de edad, TTHH";"Álava";"Preferencia alquiler sobre compra";"Preferencia alquiler sobre compra";"";""
"Preferencia de la vivienda en alquiler sobre la compra, según sexo, grupos de edad y TTHH";"2011";"20.7";"Sexo, 2grupos de edad, TTHH";"25-29 años";"Preferencia alquiler sobre compra";"Preferencia alquiler sobre compra";"";""
"Preferencia de la vivienda en alquiler sobre la compra, según sexo, grupos de edad y TTHH";"2011";"17.8";"Sexo, 2grupos de edad, TTHH";"18-24 años";"Preferencia alquiler sobre compra";"Preferencia alquiler sobre compra";"";""
"Preferencia de la vivienda en alquiler sobre la compra, según sexo, grupos de edad y TTHH";"2011";"22";"Sexo, 2grupos de edad, TTHH";"Mujeres";"Preferencia alquiler sobre compra";"Preferencia alquiler sobre compra";"";""
"Preferencia de la vivienda en alquiler sobre la compra, según sexo, grupos de edad y TTHH";"2011";"16.3";"Sexo, 2grupos de edad, TTHH";"Hombres";"Preferencia alquiler sobre compra";"Preferencia alquiler sobre compra";"";""
"Sobreesfuerzo económico para el pago de la hipoteca o de la renta de alquiler, según sexo, grupos de edad y TTHH";"2023";"12.3";"Sexo, grupos de edad y territorios históricos";"Total";"Sobreesfuerzo económico";"Sobreesfuerzo económico";"";""
"Sobreesfuerzo económico para el pago de la hipoteca o de la renta de alquiler, según sexo, grupos de edad y TTHH";"2023";"9.6";"Sexo, grupos de edad y territorios históricos";"Gipuzkoa";"Sobreesfuerzo económico";"Sobreesfuerzo económico";"";""
"Sobreesfuerzo económico para el pago de la hipoteca o de la renta de alquiler, según sexo, grupos de edad y TTHH";"2023";"15.7";"Sexo, grupos de edad y territorios históricos";"Bizkaia";"Sobreesfuerzo económico";"Sobreesfuerzo económico";"";""
"Sobreesfuerzo económico para el pago de la hipoteca o de la renta de alquiler, según sexo, grupos de edad y TTHH";"2023";"8";"Sexo, grupos de edad y territorios históricos";"Álava";"Sobreesfuerzo económico";"Sobreesfuerzo económico";"";""
"Sobreesfuerzo económico para el pago de la hipoteca o de la renta de alquiler, según sexo, grupos de edad y TTHH";"2023";"10.8";"Sexo, grupos de edad y territorios históricos";"30-34 años";"Sobreesfuerzo económico";"Sobreesfuerzo económico";"";""
"Sobreesfuerzo económico para el pago de la hipoteca o de la renta de alquiler, según sexo, grupos de edad y TTHH";"2023";"14.4";"Sexo, grupos de edad y territorios históricos";"25-29 años";"Sobreesfuerzo económico";"Sobreesfuerzo económico";"";""
"Sobreesfuerzo económico para el pago de la hipoteca o de la renta de alquiler, según sexo, grupos de edad y TTHH";"2023";"15.6";"Sexo, grupos de edad y territorios históricos";"18-24 años";"Sobreesfuerzo económico";"Sobreesfuerzo económico";"";""
"Sobreesfuerzo económico para el pago de la hipoteca o de la renta de alquiler, según sexo, grupos de edad y TTHH";"2023";"14.1";"Sexo, grupos de edad y territorios históricos";"Mujeres";"Sobreesfuerzo económico";"Sobreesfuerzo económico";"";""
"Sobreesfuerzo económico para el pago de la hipoteca o de la renta de alquiler, según sexo, grupos de edad y TTHH";"2023";"10";"Sexo, grupos de edad y territorios históricos";"Hombres";"Sobreesfuerzo económico";"Sobreesfuerzo económico";"";""
"Sobreesfuerzo económico para el pago de la hipoteca o de la renta de alquiler, según sexo, grupos de edad y TTHH";"2021";"16.8";"Sexo, grupos de edad y territorios históricos";"Total";"Sobreesfuerzo económico";"Sobreesfuerzo económico";"";""
"Sobreesfuerzo económico para el pago de la hipoteca o de la renta de alquiler, según sexo, grupos de edad y TTHH";"2021";"13.8";"Sexo, grupos de edad y territorios históricos";"Gipuzkoa";"Sobreesfuerzo económico";"Sobreesfuerzo económico";"";""
"Sobreesfuerzo económico para el pago de la hipoteca o de la renta de alquiler, según sexo, grupos de edad y TTHH";"2021";"21.7";"Sexo, grupos de edad y territorios históricos";"Bizkaia";"Sobreesfuerzo económico";"Sobreesfuerzo económico";"";""
"Sobreesfuerzo económico para el pago de la hipoteca o de la renta de alquiler, según sexo, grupos de edad y TTHH";"2021";"8.6";"Sexo, grupos de edad y territorios históricos";"Álava";"Sobreesfuerzo económico";"Sobreesfuerzo económico";"";""
"Sobreesfuerzo económico para el pago de la hipoteca o de la renta de alquiler, según sexo, grupos de edad y TTHH";"2021";"14.2";"Sexo, grupos de edad y territorios históricos";"30-34 años";"Sobreesfuerzo económico";"Sobreesfuerzo económico";"";""
"Sobreesfuerzo económico para el pago de la hipoteca o de la renta de alquiler, según sexo, grupos de edad y TTHH";"2021";"21.5";"Sexo, grupos de edad y territorios históricos";"25-29 años";"Sobreesfuerzo económico";"Sobreesfuerzo económico";"";""
"Sobreesfuerzo económico para el pago de la hipoteca o de la renta de alquiler, según sexo, grupos de edad y TTHH";"2021";"19.1";"Sexo, grupos de edad y territorios históricos";"18-24 años";"Sobreesfuerzo económico";"Sobreesfuerzo económico";"";""
"Sobreesfuerzo económico para el pago de la hipoteca o de la renta de alquiler, según sexo, grupos de edad y TTHH";"2021";"19.3";"Sexo, grupos de edad y territorios históricos";"Mujeres";"Sobreesfuerzo económico";"Sobreesfuerzo económico";"";""
"Sobreesfuerzo económico para el pago de la hipoteca o de la renta de alquiler, según sexo, grupos de edad y TTHH";"2021";"13.9";"Sexo, grupos de edad y territorios históricos";"Hombres";"Sobreesfuerzo económico";"Sobreesfuerzo económico";"";""
"Sobreesfuerzo económico para el pago de la hipoteca o de la renta de alquiler, según sexo, grupos de edad y TTHH";"2019";"14.4";"Sexo, grupos de edad y territorios históricos";"Total";"Sobreesfuerzo económico";"Sobreesfuerzo económico";"";""
"Sobreesfuerzo económico para el pago de la hipoteca o de la renta de alquiler, según sexo, grupos de edad y TTHH";"2019";"8";"Sexo, grupos de edad y territorios históricos";"Gipuzkoa";"Sobreesfuerzo económico";"Sobreesfuerzo económico";"";""
"Sobreesfuerzo económico para el pago de la hipoteca o de la renta de alquiler, según sexo, grupos de edad y TTHH";"2019";"19.3";"Sexo, grupos de edad y territorios históricos";"Bizkaia";"Sobreesfuerzo económico";"Sobreesfuerzo económico";"";""
"Sobreesfuerzo económico para el pago de la hipoteca o de la renta de alquiler, según sexo, grupos de edad y TTHH";"2019";"10.6";"Sexo, grupos de edad y territorios históricos";"Álava";"Sobreesfuerzo económico";"Sobreesfuerzo económico";"";""
"Sobreesfuerzo económico para el pago de la hipoteca o de la renta de alquiler, según sexo, grupos de edad y TTHH";"2019";"12.8";"Sexo, grupos de edad y territorios históricos";"30-34 años";"Sobreesfuerzo económico";"Sobreesfuerzo económico";"";""
"Sobreesfuerzo económico para el pago de la hipoteca o de la renta de alquiler, según sexo, grupos de edad y TTHH";"2019";"18.2";"Sexo, grupos de edad y territorios históricos";"25-29 años";"Sobreesfuerzo económico";"Sobreesfuerzo económico";"";""
"Sobreesfuerzo económico para el pago de la hipoteca o de la renta de alquiler, según sexo, grupos de edad y TTHH";"2019";"14.8";"Sexo, grupos de edad y territorios históricos";"18-24 años";"Sobreesfuerzo económico";"Sobreesfuerzo económico";"";""
"Sobreesfuerzo económico para el pago de la hipoteca o de la renta de alquiler, según sexo, grupos de edad y TTHH";"2019";"16.2";"Sexo, grupos de edad y territorios históricos";"Mujeres";"Sobreesfuerzo económico";"Sobreesfuerzo económico";"";""
"Sobreesfuerzo económico para el pago de la hipoteca o de la renta de alquiler, según sexo, grupos de edad y TTHH";"2019";"12.2";"Sexo, grupos de edad y territorios históricos";"Hombres";"Sobreesfuerzo económico";"Sobreesfuerzo económico";"";""
"Sobreesfuerzo económico para el pago de la hipoteca o de la renta de alquiler, según sexo, grupos de edad y TTHH";"2017";"16.9";"Sexo, grupos de edad y territorios históricos";"Total";"Sobreesfuerzo económico";"Sobreesfuerzo económico";"";""
"Sobreesfuerzo económico para el pago de la hipoteca o de la renta de alquiler, según sexo, grupos de edad y TTHH";"2017";"17.3";"Sexo, grupos de edad y territorios históricos";"Gipuzkoa";"Sobreesfuerzo económico";"Sobreesfuerzo económico";"";""
"Sobreesfuerzo económico para el pago de la hipoteca o de la renta de alquiler, según sexo, grupos de edad y TTHH";"2017";"17.2";"Sexo, grupos de edad y territorios históricos";"Bizkaia";"Sobreesfuerzo económico";"Sobreesfuerzo económico";"";""
"Sobreesfuerzo económico para el pago de la hipoteca o de la renta de alquiler, según sexo, grupos de edad y TTHH";"2017";"15.4";"Sexo, grupos de edad y territorios históricos";"Álava";"Sobreesfuerzo económico";"Sobreesfuerzo económico";"";""
"Sobreesfuerzo económico para el pago de la hipoteca o de la renta de alquiler, según sexo, grupos de edad y TTHH";"2017";"16";"Sexo, grupos de edad y territorios históricos";"30-34 años";"Sobreesfuerzo económico";"Sobreesfuerzo económico";"";""
"Sobreesfuerzo económico para el pago de la hipoteca o de la renta de alquiler, según sexo, grupos de edad y TTHH";"2017";"15";"Sexo, grupos de edad y territorios históricos";"25-29 años";"Sobreesfuerzo económico";"Sobreesfuerzo económico";"";""
"Sobreesfuerzo económico para el pago de la hipoteca o de la renta de alquiler, según sexo, grupos de edad y TTHH";"2017";"29.2";"Sexo, grupos de edad y territorios históricos";"18-24 años";"Sobreesfuerzo económico";"Sobreesfuerzo económico";"";""
"Sobreesfuerzo económico para el pago de la hipoteca o de la renta de alquiler, según sexo, grupos de edad y TTHH";"2017";"17.3";"Sexo, grupos de edad y territorios históricos";"Mujeres";"Sobreesfuerzo económico";"Sobreesfuerzo económico";"";""
"Sobreesfuerzo económico para el pago de la hipoteca o de la renta de alquiler, según sexo, grupos de edad y TTHH";"2017";"16.3";"Sexo, grupos de edad y territorios históricos";"Hombres";"Sobreesfuerzo económico";"Sobreesfuerzo económico";"";""
"Sobreesfuerzo económico para el pago de la hipoteca o de la renta de alquiler, según sexo, grupos de edad y TTHH";"2015";"21.3";"Sexo, grupos de edad y territorios históricos";"Total";"Sobreesfuerzo económico";"Sobreesfuerzo económico";"";""
"Sobreesfuerzo económico para el pago de la hipoteca o de la renta de alquiler, según sexo, grupos de edad y TTHH";"2015";"16.8";"Sexo, grupos de edad y territorios históricos";"Gipuzkoa";"Sobreesfuerzo económico";"Sobreesfuerzo económico";"";""
"Sobreesfuerzo económico para el pago de la hipoteca o de la renta de alquiler, según sexo, grupos de edad y TTHH";"2015";"26.7";"Sexo, grupos de edad y territorios históricos";"Bizkaia";"Sobreesfuerzo económico";"Sobreesfuerzo económico";"";""
"Sobreesfuerzo económico para el pago de la hipoteca o de la renta de alquiler, según sexo, grupos de edad y TTHH";"2015";"17";"Sexo, grupos de edad y territorios históricos";"Álava";"Sobreesfuerzo económico";"Sobreesfuerzo económico";"";""
"Sobreesfuerzo económico para el pago de la hipoteca o de la renta de alquiler, según sexo, grupos de edad y TTHH";"2015";"20.9";"Sexo, grupos de edad y territorios históricos";"30-34 años";"Sobreesfuerzo económico";"Sobreesfuerzo económico";"";""
"Sobreesfuerzo económico para el pago de la hipoteca o de la renta de alquiler, según sexo, grupos de edad y TTHH";"2015";"19.6";"Sexo, grupos de edad y territorios históricos";"25-29 años";"Sobreesfuerzo económico";"Sobreesfuerzo económico";"";""
"Sobreesfuerzo económico para el pago de la hipoteca o de la renta de alquiler, según sexo, grupos de edad y TTHH";"2015";"28";"Sexo, grupos de edad y territorios históricos";"18-24 años";"Sobreesfuerzo económico";"Sobreesfuerzo económico";"";""
"Sobreesfuerzo económico para el pago de la hipoteca o de la renta de alquiler, según sexo, grupos de edad y TTHH";"2015";"22.9";"Sexo, grupos de edad y territorios históricos";"Mujeres";"Sobreesfuerzo económico";"Sobreesfuerzo económico";"";""
"Sobreesfuerzo económico para el pago de la hipoteca o de la renta de alquiler, según sexo, grupos de edad y TTHH";"2015";"20.1";"Sexo, grupos de edad y territorios históricos";"Hombres";"Sobreesfuerzo económico";"Sobreesfuerzo económico";"";""
"Sobreesfuerzo económico para el pago de la hipoteca o de la renta de alquiler, según sexo, grupos de edad y TTHH";"2013";"21.4";"Sexo, grupos de edad y territorios históricos";"Total";"Sobreesfuerzo económico";"Sobreesfuerzo económico";"";""
"Sobreesfuerzo económico para el pago de la hipoteca o de la renta de alquiler, según sexo, grupos de edad y TTHH";"2013";"18.3";"Sexo, grupos de edad y territorios históricos";"Gipuzkoa";"Sobreesfuerzo económico";"Sobreesfuerzo económico";"";""
"Sobreesfuerzo económico para el pago de la hipoteca o de la renta de alquiler, según sexo, grupos de edad y TTHH";"2013";"24.3";"Sexo, grupos de edad y territorios históricos";"Bizkaia";"Sobreesfuerzo económico";"Sobreesfuerzo económico";"";""
"Sobreesfuerzo económico para el pago de la hipoteca o de la renta de alquiler, según sexo, grupos de edad y TTHH";"2013";"17.8";"Sexo, grupos de edad y territorios históricos";"Álava";"Sobreesfuerzo económico";"Sobreesfuerzo económico";"";""
"Sobreesfuerzo económico para el pago de la hipoteca o de la renta de alquiler, según sexo, grupos de edad y TTHH";"2013";"21.3";"Sexo, grupos de edad y territorios históricos";"30-34 años";"Sobreesfuerzo económico";"Sobreesfuerzo económico";"";""
"Sobreesfuerzo económico para el pago de la hipoteca o de la renta de alquiler, según sexo, grupos de edad y TTHH";"2013";"21.1";"Sexo, grupos de edad y territorios históricos";"25-29 años";"Sobreesfuerzo económico";"Sobreesfuerzo económico";"";""
"Sobreesfuerzo económico para el pago de la hipoteca o de la renta de alquiler, según sexo, grupos de edad y TTHH";"2013";"23.6";"Sexo, grupos de edad y territorios históricos";"18-24 años";"Sobreesfuerzo económico";"Sobreesfuerzo económico";"";""
"Sobreesfuerzo económico para el pago de la hipoteca o de la renta de alquiler, según sexo, grupos de edad y TTHH";"2013";"23.8";"Sexo, grupos de edad y territorios históricos";"Mujeres";"Sobreesfuerzo económico";"Sobreesfuerzo económico";"";""
"Sobreesfuerzo económico para el pago de la hipoteca o de la renta de alquiler, según sexo, grupos de edad y TTHH";"2013";"18.5";"Sexo, grupos de edad y territorios históricos";"Hombres";"Sobreesfuerzo económico";"Sobreesfuerzo económico";"";""
"Sobreesfuerzo económico para el pago de la hipoteca o de la renta de alquiler, según sexo, grupos de edad y TTHH";"2011";"25.9";"Sexo, grupos de edad y territorios históricos";"Total";"Sobreesfuerzo económico";"Sobreesfuerzo económico";"";""
"Sobreesfuerzo económico para el pago de la hipoteca o de la renta de alquiler, según sexo, grupos de edad y TTHH";"2011";"15.5";"Sexo, grupos de edad y territorios históricos";"Gipuzkoa";"Sobreesfuerzo económico";"Sobreesfuerzo económico";"";""
"Sobreesfuerzo económico para el pago de la hipoteca o de la renta de alquiler, según sexo, grupos de edad y TTHH";"2011";"28.9";"Sexo, grupos de edad y territorios históricos";"Bizkaia";"Sobreesfuerzo económico";"Sobreesfuerzo económico";"";""
"Sobreesfuerzo económico para el pago de la hipoteca o de la renta de alquiler, según sexo, grupos de edad y TTHH";"2011";"37.3";"Sexo, grupos de edad y territorios históricos";"Álava";"Sobreesfuerzo económico";"Sobreesfuerzo económico";"";""
"Sobreesfuerzo económico para el pago de la hipoteca o de la renta de alquiler, según sexo, grupos de edad y TTHH";"2011";"24.3";"Sexo, grupos de edad y territorios históricos";"30-34 años";"Sobreesfuerzo económico";"Sobreesfuerzo económico";"";""
"Sobreesfuerzo económico para el pago de la hipoteca o de la renta de alquiler, según sexo, grupos de edad y TTHH";"2011";"28.2";"Sexo, grupos de edad y territorios históricos";"25-29 años";"Sobreesfuerzo económico";"Sobreesfuerzo económico";"";""
"Sobreesfuerzo económico para el pago de la hipoteca o de la renta de alquiler, según sexo, grupos de edad y TTHH";"2011";"30";"Sexo, grupos de edad y territorios históricos";"18-24 años";"Sobreesfuerzo económico";"Sobreesfuerzo económico";"";""
"Sobreesfuerzo económico para el pago de la hipoteca o de la renta de alquiler, según sexo, grupos de edad y TTHH";"2011";"27.2";"Sexo, grupos de edad y territorios históricos";"Mujeres";"Sobreesfuerzo económico";"Sobreesfuerzo económico";"";""
"Sobreesfuerzo económico para el pago de la hipoteca o de la renta de alquiler, según sexo, grupos de edad y TTHH";"2011";"24.4";"Sexo, grupos de edad y territorios históricos";"Hombres";"Sobreesfuerzo económico";"Sobreesfuerzo económico";"";""
"Tasa de emancipación, según sexo, grupos de edad y TTHH";"2025";"32.1";"Sexo, grupos de edad y territorios históricos";"Total";"";"";"";""
"Tasa de emancipación, según sexo, grupos de edad y TTHH";"2025";"33.1";"Sexo, grupos de edad y territorios históricos";"Gipuzkoa";"";"";"";""
"Tasa de emancipación, según sexo, grupos de edad y TTHH";"2025";"31.3";"Sexo, grupos de edad y territorios históricos";"Bizkaia";"";"";"";""
"Tasa de emancipación, según sexo, grupos de edad y TTHH";"2025";"32.4";"Sexo, grupos de edad y territorios históricos";"Álava";"";"";"";""
"Tasa de emancipación, según sexo, grupos de edad y TTHH";"2025";"71.4";"Sexo, grupos de edad y territorios históricos";"30-34 años";"";"";"";""
"Tasa de emancipación, según sexo, grupos de edad y TTHH";"2025";"30.4";"Sexo, grupos de edad y territorios históricos";"25-29 años";"";"";"";""
"Tasa de emancipación, según sexo, grupos de edad y TTHH";"2025";"6.4";"Sexo, grupos de edad y territorios históricos";"18-24 años";"";"";"";""
"Tasa de emancipación, según sexo, grupos de edad y TTHH";"2025";"36";"Sexo, grupos de edad y territorios históricos";"Mujeres";"";"";"";""
"Tasa de emancipación, según sexo, grupos de edad y TTHH";"2025";"28.2";"Sexo, grupos de edad y territorios históricos";"Hombres";"";"";"";""
"Tasa de emancipación, según sexo, grupos de edad y TTHH";"2024";"32.8";"Sexo, grupos de edad y territorios históricos";"Total";"";"";"";""
"Tasa de emancipación, según sexo, grupos de edad y TTHH";"2024";"33.8";"Sexo, grupos de edad y territorios históricos";"Gipuzkoa";"";"";"";""
"Tasa de emancipación, según sexo, grupos de edad y TTHH";"2024";"31.8";"Sexo, grupos de edad y territorios históricos";"Bizkaia";"";"";"";""
"Tasa de emancipación, según sexo, grupos de edad y TTHH";"2024";"33.8";"Sexo, grupos de edad y territorios históricos";"Álava";"";"";"";""
"Tasa de emancipación, según sexo, grupos de edad y TTHH";"2024";"71.8";"Sexo, grupos de edad y territorios históricos";"30-34 años";"";"";"";""
"Tasa de emancipación, según sexo, grupos de edad y TTHH";"2024";"33.6";"Sexo, grupos de edad y territorios históricos";"25-29 años";"";"";"";""
"Tasa de emancipación, según sexo, grupos de edad y TTHH";"2024";"5.6";"Sexo, grupos de edad y territorios históricos";"18-24 años";"";"";"";""
"Tasa de emancipación, según sexo, grupos de edad y TTHH";"2024";"35.2";"Sexo, grupos de edad y territorios históricos";"Mujeres";"";"";"";""
"Tasa de emancipación, según sexo, grupos de edad y TTHH";"2024";"30.4";"Sexo, grupos de edad y territorios históricos";"Hombres";"";"";"";""
"Tasa de emancipación, según sexo, grupos de edad y TTHH";"2023";"33.2";"Sexo, grupos de edad y territorios históricos";"Total";"";"";"";""
"Tasa de emancipación, según sexo, grupos de edad y TTHH";"2023";"32.4";"Sexo, grupos de edad y territorios históricos";"Gipuzkoa";"";"";"";""
"Tasa de emancipación, según sexo, grupos de edad y TTHH";"2023";"31";"Sexo, grupos de edad y territorios históricos";"Bizkaia";"";"";"";""
"Tasa de emancipación, según sexo, grupos de edad y TTHH";"2023";"42.4";"Sexo, grupos de edad y territorios históricos";"Álava";"";"";"";""
"Tasa de emancipación, según sexo, grupos de edad y TTHH";"2023";"70.3";"Sexo, grupos de edad y territorios históricos";"30-34 años";"";"";"";""
"Tasa de emancipación, según sexo, grupos de edad y TTHH";"2023";"35";"Sexo, grupos de edad y territorios históricos";"25-29 años";"";"";"";""
"Tasa de emancipación, según sexo, grupos de edad y TTHH";"2023";"5.8";"Sexo, grupos de edad y territorios históricos";"18-24 años";"";"";"";""
"Tasa de emancipación, según sexo, grupos de edad y TTHH";"2023";"37.7";"Sexo, grupos de edad y territorios históricos";"Mujeres";"";"";"";""
"Tasa de emancipación, según sexo, grupos de edad y TTHH";"2023";"28.8";"Sexo, grupos de edad y territorios históricos";"Hombres";"";"";"";""
"Tasa de emancipación, según sexo, grupos de edad y TTHH";"2022";"34.7";"Sexo, grupos de edad y territorios históricos";"Total";"";"";"";""
"Tasa de emancipación, según sexo, grupos de edad y TTHH";"2022";"34";"Sexo, grupos de edad y territorios históricos";"Gipuzkoa";"";"";"";""
"Tasa de emancipación, según sexo, grupos de edad y TTHH";"2022";"32.6";"Sexo, grupos de edad y territorios históricos";"Bizkaia";"";"";"";""
"Tasa de emancipación, según sexo, grupos de edad y TTHH";"2022";"43.9";"Sexo, grupos de edad y territorios históricos";"Álava";"";"";"";""
"Tasa de emancipación, según sexo, grupos de edad y TTHH";"2022";"69.6";"Sexo, grupos de edad y territorios históricos";"30-34 años";"";"";"";""
"Tasa de emancipación, según sexo, grupos de edad y TTHH";"2022";"38.2";"Sexo, grupos de edad y territorios históricos";"25-29 años";"";"";"";""
"Tasa de emancipación, según sexo, grupos de edad y TTHH";"2022";"6.5";"Sexo, grupos de edad y territorios históricos";"18-24 años";"";"";"";""
"Tasa de emancipación, según sexo, grupos de edad y TTHH";"2022";"41.9";"Sexo, grupos de edad y territorios históricos";"Mujeres";"";"";"";""
"Tasa de emancipación, según sexo, grupos de edad y TTHH";"2022";"27.7";"Sexo, grupos de edad y territorios históricos";"Hombres";"";"";"";""
"Tasa de emancipación, según sexo, grupos de edad y TTHH";"2021";"34.1";"Sexo, grupos de edad y territorios históricos";"Total";"";"";"";""
"Tasa de emancipación, según sexo, grupos de edad y TTHH";"2021";"35.3";"Sexo, grupos de edad y territorios históricos";"Gipuzkoa";"";"";"";""
"Tasa de emancipación, según sexo, grupos de edad y TTHH";"2021";"30.9";"Sexo, grupos de edad y territorios históricos";"Bizkaia";"";"";"";""
"Tasa de emancipación, según sexo, grupos de edad y TTHH";"2021";"42.5";"Sexo, grupos de edad y territorios históricos";"Álava";"";"";"";""
"Tasa de emancipación, según sexo, grupos de edad y TTHH";"2021";"68.2";"Sexo, grupos de edad y territorios históricos";"30-34 años";"";"";"";""
"Tasa de emancipación, según sexo, grupos de edad y TTHH";"2021";"35.9";"Sexo, grupos de edad y territorios históricos";"25-29 años";"";"";"";""
"Tasa de emancipación, según sexo, grupos de edad y TTHH";"2021";"7.1";"Sexo, grupos de edad y territorios históricos";"18-24 años";"";"";"";""
"Tasa de emancipación, según sexo, grupos de edad y TTHH";"2021";"40.5";"Sexo, grupos de edad y territorios históricos";"Mujeres";"";"";"";""
"Tasa de emancipación, según sexo, grupos de edad y TTHH";"2021";"27.8";"Sexo, grupos de edad y territorios históricos";"Hombres";"";"";"";""
"Tasa de emancipación, según sexo, grupos de edad y TTHH";"2020";"34";"Sexo, grupos de edad y territorios históricos";"Total";"";"";"";""
"Tasa de emancipación, según sexo, grupos de edad y TTHH";"2020";"34.4";"Sexo, grupos de edad y territorios históricos";"Gipuzkoa";"";"";"";""
"Tasa de emancipación, según sexo, grupos de edad y TTHH";"2020";"31.8";"Sexo, grupos de edad y territorios históricos";"Bizkaia";"";"";"";""
"Tasa de emancipación, según sexo, grupos de edad y TTHH";"2020";"40.8";"Sexo, grupos de edad y territorios históricos";"Álava";"";"";"";""
"Tasa de emancipación, según sexo, grupos de edad y TTHH";"2020";"67.8";"Sexo, grupos de edad y territorios históricos";"30-34 años";"";"";"";""
"Tasa de emancipación, según sexo, grupos de edad y TTHH";"2020";"33.2";"Sexo, grupos de edad y territorios históricos";"25-29 años";"";"";"";""
"Tasa de emancipación, según sexo, grupos de edad y TTHH";"2020";"7.5";"Sexo, grupos de edad y territorios históricos";"18-24 años";"";"";"";""
"Tasa de emancipación, según sexo, grupos de edad y TTHH";"2020";"38.5";"Sexo, grupos de edad y territorios históricos";"Mujeres";"";"";"";""
"Tasa de emancipación, según sexo, grupos de edad y TTHH";"2020";"29.5";"Sexo, grupos de edad y territorios históricos";"Hombres";"";"";"";""
"Tasa de emancipación, según sexo, grupos de edad y TTHH";"2019";"34.5";"Sexo, grupos de edad y territorios históricos";"Total";"";"";"";""
"Tasa de emancipación, según sexo, grupos de edad y TTHH";"2019";"34.5";"Sexo, grupos de edad y territorios históricos";"Gipuzkoa";"";"";"";""
"Tasa de emancipación, según sexo, grupos de edad y TTHH";"2019";"32.7";"Sexo, grupos de edad y territorios históricos";"Bizkaia";"";"";"";""
"Tasa de emancipación, según sexo, grupos de edad y TTHH";"2019";"40.5";"Sexo, grupos de edad y territorios históricos";"Álava";"";"";"";""
"Tasa de emancipación, según sexo, grupos de edad y TTHH";"2019";"67";"Sexo, grupos de edad y territorios históricos";"30-34 años";"";"";"";""
"Tasa de emancipación, según sexo, grupos de edad y TTHH";"2019";"34.7";"Sexo, grupos de edad y territorios históricos";"25-29 años";"";"";"";""
"Tasa de emancipación, según sexo, grupos de edad y TTHH";"2019";"7";"Sexo, grupos de edad y territorios históricos";"18-24 años";"";"";"";""
"Tasa de emancipación, según sexo, grupos de edad y TTHH";"2019";"38.6";"Sexo, grupos de edad y territorios históricos";"Mujeres";"";"";"";""
"Tasa de emancipación, según sexo, grupos de edad y TTHH";"2019";"30.5";"Sexo, grupos de edad y territorios históricos";"Hombres";"";"";"";""
"Tasa de emancipación, según sexo, grupos de edad y TTHH";"2018";"35";"Sexo, grupos de edad y territorios históricos";"Total";"";"";"";""
"Tasa de emancipación, según sexo, grupos de edad y TTHH";"2018";"34.6";"Sexo, grupos de edad y territorios históricos";"Gipuzkoa";"";"";"";""
"Tasa de emancipación, según sexo, grupos de edad y TTHH";"2018";"33.5";"Sexo, grupos de edad y territorios históricos";"Bizkaia";"";"";"";""
"Tasa de emancipación, según sexo, grupos de edad y TTHH";"2018";"41";"Sexo, grupos de edad y territorios históricos";"Álava";"";"";"";""
"Tasa de emancipación, según sexo, grupos de edad y TTHH";"2018";"66.6";"Sexo, grupos de edad y territorios históricos";"30-34 años";"";"";"";""
"Tasa de emancipación, según sexo, grupos de edad y TTHH";"2018";"32.8";"Sexo, grupos de edad y territorios históricos";"25-29 años";"";"";"";""
"Tasa de emancipación, según sexo, grupos de edad y TTHH";"2018";"8.5";"Sexo, grupos de edad y territorios históricos";"18-24 años";"";"";"";""
"Tasa de emancipación, según sexo, grupos de edad y TTHH";"2018";"40";"Sexo, grupos de edad y territorios históricos";"Mujeres";"";"";"";""
"Tasa de emancipación, según sexo, grupos de edad y TTHH";"2018";"30";"Sexo, grupos de edad y territorios históricos";"Hombres";"";"";"";""
"Tasa de emancipación, según sexo, grupos de edad y TTHH";"2017";"34.7";"Sexo, grupos de edad y territorios históricos";"Total";"";"";"";""
"Tasa de emancipación, según sexo, grupos de edad y TTHH";"2017";"38.7";"Sexo, grupos de edad y territorios históricos";"Gipuzkoa";"";"";"";""
"Tasa de emancipación, según sexo, grupos de edad y TTHH";"2017";"31";"Sexo, grupos de edad y territorios históricos";"Bizkaia";"";"";"";""
"Tasa de emancipación, según sexo, grupos de edad y TTHH";"2017";"39";"Sexo, grupos de edad y territorios históricos";"Álava";"";"";"";""
"Tasa de emancipación, según sexo, grupos de edad y TTHH";"2017";"67.9";"Sexo, grupos de edad y territorios históricos";"30-34 años";"";"";"";""
"Tasa de emancipación, según sexo, grupos de edad y TTHH";"2017";"30.3";"Sexo, grupos de edad y territorios históricos";"25-29 años";"";"";"";""
"Tasa de emancipación, según sexo, grupos de edad y TTHH";"2017";"8.1";"Sexo, grupos de edad y territorios históricos";"18-24 años";"";"";"";""
"Tasa de emancipación, según sexo, grupos de edad y TTHH";"2017";"40";"Sexo, grupos de edad y territorios históricos";"Mujeres";"";"";"";""
"Tasa de emancipación, según sexo, grupos de edad y TTHH";"2017";"29.5";"Sexo, grupos de edad y territorios históricos";"Hombres";"";"";"";""
"Tasa de emancipación, según sexo, grupos de edad y TTHH";"2016";"35.1";"Sexo, grupos de edad y territorios históricos";"Total";"";"";"";""
"Tasa de emancipación, según sexo, grupos de edad y TTHH";"2016";"38";"Sexo, grupos de edad y territorios históricos";"Gipuzkoa";"";"";"";""
"Tasa de emancipación, según sexo, grupos de edad y TTHH";"2016";"32.3";"Sexo, grupos de edad y territorios históricos";"Bizkaia";"";"";"";""
"Tasa de emancipación, según sexo, grupos de edad y TTHH";"2016";"38.6";"Sexo, grupos de edad y territorios históricos";"Álava";"";"";"";""
"Tasa de emancipación, según sexo, grupos de edad y TTHH";"2016";"67.4";"Sexo, grupos de edad y territorios históricos";"30-34 años";"";"";"";""
"Tasa de emancipación, según sexo, grupos de edad y TTHH";"2016";"27.9";"Sexo, grupos de edad y territorios históricos";"25-29 años";"";"";"";""
"Tasa de emancipación, según sexo, grupos de edad y TTHH";"2016";"8.5";"Sexo, grupos de edad y territorios históricos";"18-24 años";"";"";"";""
"Tasa de emancipación, según sexo, grupos de edad y TTHH";"2016";"41";"Sexo, grupos de edad y territorios históricos";"Mujeres";"";"";"";""
"Tasa de emancipación, según sexo, grupos de edad y TTHH";"2016";"29.3";"Sexo, grupos de edad y territorios históricos";"Hombres";"";"";"";""
"Tasa de emancipación, según sexo, grupos de edad y TTHH";"2015";"36.8";"Sexo, grupos de edad y territorios históricos";"Total";"";"";"";""
"Tasa de emancipación, según sexo, grupos de edad y TTHH";"2015";"31.1";"Sexo, grupos de edad y territorios históricos";"Hombres";"";"";"";""
"Tasa de emancipación, según sexo, grupos de edad y TTHH";"2015";"42.6";"Sexo, grupos de edad y territorios históricos";"Mujeres";"";"";"";""
"Tasa de emancipación, según sexo, grupos de edad y TTHH";"2015";"8.9";"Sexo, grupos de edad y territorios históricos";"18-24 años";"";"";"";""
"Tasa de emancipación, según sexo, grupos de edad y TTHH";"2015";"28.5";"Sexo, grupos de edad y territorios históricos";"25-29 años";"";"";"";""
"Tasa de emancipación, según sexo, grupos de edad y TTHH";"2015";"68.2";"Sexo, grupos de edad y territorios históricos";"30-34 años";"";"";"";""
"Tasa de emancipación, según sexo, grupos de edad y TTHH";"2015";"41.1";"Sexo, grupos de edad y territorios históricos";"Álava";"";"";"";""
"Tasa de emancipación, según sexo, grupos de edad y TTHH";"2015";"34.8";"Sexo, grupos de edad y territorios históricos";"Bizkaia";"";"";"";""
"Tasa de emancipación, según sexo, grupos de edad y TTHH";"2015";"38.1";"Sexo, grupos de edad y territorios históricos";"Gipuzkoa";"";"";"";""
